Game ID,Total Bets,Total Winnings,Total Players,Players Lost,Odds,Casino Earnings,Timestamp,Casino Cumulative Earnings
1,932905.61,1229313.17,10798,4747,3.61,-296407.56,"4/11/2024, 1:21:03 PM",-286479.46
2,953343.42,788398.75,11639,6486,2.64,164944.67,"4/11/2024, 1:21:26 PM",-582887.02
3,826483.97,2622989.19,11060,1012,8.3,-1796505.22,"4/11/2024, 1:21:59 PM",-417942.35
4,734269.01,2755471.72,10918,578,20.36,-2021202.71,"4/11/2024, 1:22:42 PM",-2214447.57
5,637344.50,76927.92,10086,9099,1.45,560416.58,"4/11/2024, 1:23:02 PM",-4235650.28
6,598078.23,513864.22,8470,4631,2.71,84214.01,"4/11/2024, 1:23:26 PM",-3675233.7
7,802474.90,955057.17,10322,4712,2.81,-152582.27,"4/11/2024, 1:23:50 PM",-3591019.69
8,199349.73,22908.20,10341,10062,1.16,176441.53,"4/11/2024, 1:24:08 PM",-3743601.96
9,724473.63,40458.64,9172,8636,1.26,684014.99,"4/11/2024, 1:24:27 PM",-3567160.43
10,793801.79,909811.30,9161,4724,3.01,-116009.51,"4/11/2024, 1:24:52 PM",-2883145.44
11,1006871.04,14517.14,11763,11654,1.15,992353.90,"4/11/2024, 1:25:10 PM",-2999154.95
12,804396.79,642746.14,10357,6293,2.48,161650.65,"4/11/2024, 1:25:33 PM",-2006801.05
13,959371.77,257920.83,11247,9170,1.75,701450.94,"4/11/2024, 1:25:54 PM",-1845150.4
14,969581.56,313173.39,10834,8526,1.79,656408.17,"4/11/2024, 1:26:16 PM",-1143699.46
15,972626.75,2894696.19,10684,615,11.41,-1922069.44,"4/11/2024, 1:26:52 PM",-487291.29
16,907484.58,168534.58,11456,9942,1.53,738950.00,"4/11/2024, 1:27:12 PM",-2409360.73
17,854484.80,115837.22,10424,9120,1.42,738647.58,"4/11/2024, 1:27:32 PM",-1670410.73
18,829120.41,698851.99,10013,5763,2.42,130268.42,"4/11/2024, 1:27:55 PM",-931763.15
19,994333.05,81741.14,11494,10572,1.42,912591.91,"4/11/2024, 1:28:15 PM",-801494.73
20,932990.25,363859.07,10459,7692,1.97,569131.18,"4/11/2024, 1:28:36 PM",111097.18
21,1044601.09,281065.38,11051,8819,1.69,763535.71,"4/11/2024, 1:28:57 PM",680228.36
22,919949.33,2765968.41,10543,984,8.15,-1846019.08,"4/11/2024, 1:29:30 PM",1443764.07
23,799854.73,123441.83,11049,9395,1.52,676412.90,"4/11/2024, 1:29:50 PM",-402255.01
24,806746.56,94486.23,9976,8710,1.39,712260.33,"4/11/2024, 1:30:10 PM",274157.89
25,780218.91,45051.17,9549,9083,1.2,735167.74,"4/11/2024, 1:30:28 PM",986418.22
26,710222.93,133994.95,9148,7699,1.53,576227.98,"4/11/2024, 1:30:48 PM",1721585.96
27,800349.25,1020280.26,9751,4554,3.09,-219931.01,"4/11/2024, 1:31:13 PM",2297813.94
28,868411.13,55836.90,10770,10049,1.27,812574.23,"4/11/2024, 1:31:32 PM",2077882.93
29,771971.65,601397.10,9529,5690,2.42,170574.55,"4/11/2024, 1:31:55 PM",2890457.16
30,854088.94,1024014.87,10200,4124,3.15,-169925.93,"4/11/2024, 1:32:20 PM",3061031.71
31,785235.99,464459.32,10195,6586,2.21,320776.67,"4/11/2024, 1:32:42 PM",2891105.78
32,738979.11,1459296.18,9866,2183,5.03,-720317.07,"4/11/2024, 1:33:11 PM",3211882.45
33,724919.91,333534.64,10265,7313,1.97,391385.27,"4/11/2024, 1:33:33 PM",2491565.38
34,666229.06,2284246.57,9657,253,26.7,-1618017.51,"4/11/2024, 1:34:20 PM",2882950.65
35,698371.54,759856.30,10352,4712,2.97,-61484.76,"4/11/2024, 1:34:45 PM",1264933.14
36,662145.98,1842481.54,9741,678,12.48,-1180335.56,"4/11/2024, 1:35:22 PM",1203448.38
37,634244.04,365382.21,10131,6663,2.13,268861.83,"4/11/2024, 1:35:44 PM",23112.82
38,730528.42,34477.22,9821,9404,1.17,696051.20,"4/11/2024, 1:36:02 PM",291974.65
39,636571.92,145358.11,8373,6718,1.59,491213.81,"4/11/2024, 1:36:23 PM",988025.85
40,727097.85,1898485.91,9478,850,15.36,-1171388.06,"4/11/2024, 1:37:02 PM",1479239.66
41,778029.10,1263830.55,11081,3078,4.04,-485801.45,"4/11/2024, 1:37:29 PM",307851.6
42,750859.95,1463494.21,10786,1893,4.95,-712634.26,"4/11/2024, 1:37:57 PM",-177949.85
43,708228.20,723740.23,10920,4879,2.89,-15512.03,"4/11/2024, 1:38:22 PM",-890584.11
44,754704.42,3072.12,10500,10500,1.01,751632.30,"4/11/2024, 1:38:38 PM",-906096.14
45,615208.52,1799914.10,9374,1003,25.63,-1184705.58,"4/11/2024, 1:39:25 PM",-154463.84
46,814144.75,11249.15,10500,10500,1.1,802895.60,"4/11/2024, 1:39:42 PM",-1339169.42
47,731407.20,2329231.46,10375,984,9.78,-1597824.26,"4/11/2024, 1:40:17 PM",-536273.82
48,804885.99,2595200.57,11382,425,25.98,-1790314.58,"4/11/2024, 1:41:24 PM",-1333071.07
49,879591.16,0.00,10500,10500,1.01,879591.16,"4/11/2024, 1:41:40 PM",-3123385.65
50,884355.46,2183507.03,11243,2256,6,-1299151.57,"4/11/2024, 1:42:10 PM",-2243794.49
51,879303.85,576007.31,11938,7608,2.33,303296.54,"4/11/2024, 1:42:33 PM",-3542946.06
52,940213.00,286302.05,12327,10346,1.57,653910.95,"4/11/2024, 1:42:53 PM",-3239649.52
53,861460.22,149451.66,11560,9854,1.53,712008.56,"4/11/2024, 1:43:13 PM",-2585738.57
54,944183.08,220327.45,11716,10237,1.47,723855.63,"4/11/2024, 1:43:34 PM",-1873730.01
55,923328.46,2213481.98,11470,2076,6.36,-1290153.52,"4/11/2024, 1:44:04 PM",-1149874.38
56,960119.79,10871.56,10500,10500,1.05,949248.23,"4/11/2024, 1:44:21 PM",-2440027.9
57,918258.20,2138155.51,12099,2766,5.32,-1219897.31,"4/11/2024, 1:44:50 PM",-1490779.67
58,865218.61,139942.07,12438,10776,1.53,725276.54,"4/11/2024, 1:45:10 PM",-2710676.98
59,927264.33,203176.10,12181,10174,1.72,724088.23,"4/11/2024, 1:45:31 PM",-1985400.44
60,1012791.06,940000.01,12431,7012,2.53,72791.05,"4/11/2024, 1:45:55 PM",-1261312.21
61,1031427.82,29415.16,13074,12624,1.28,1002012.66,"4/11/2024, 1:46:14 PM",-1188521.16
62,876557.46,0.00,10500,10500,1.03,876557.46,"4/11/2024, 1:46:31 PM",-186508.5
63,953621.05,235935.97,11603,9650,1.88,717685.08,"4/11/2024, 1:46:52 PM",690048.96
64,988720.95,3397494.25,11758,289,14.38,-2408773.30,"4/11/2024, 1:47:31 PM",1407734.04
65,874738.41,1030811.06,12187,5473,3.14,-156072.65,"4/11/2024, 1:47:56 PM",-1001039.26
66,814889.87,340069.57,11771,8352,1.99,474820.30,"4/11/2024, 1:48:18 PM",-1157111.91
67,819992.80,210683.44,11256,9079,1.72,609309.36,"4/11/2024, 1:48:39 PM",-682291.61
68,728792.71,2442903.56,10667,424,27.67,-1714110.85,"4/11/2024, 1:49:27 PM",-72982.25
69,834254.96,519421.96,12085,7444,2.35,314833.00,"4/11/2024, 1:49:50 PM",-1787093.1
70,751555.57,589709.78,11029,6046,2.32,161845.79,"4/11/2024, 1:50:13 PM",-1472260.1
71,882527.06,21440.27,11694,11246,1.21,861086.79,"4/11/2024, 1:50:31 PM",-1310414.31
72,811317.41,296661.06,10609,8160,1.88,514656.35,"4/11/2024, 1:50:53 PM",-449327.52
73,989131.52,415675.45,12207,9105,1.86,573456.07,"4/11/2024, 1:51:14 PM",65328.83
74,1022573.17,1106599.45,12415,5602,3.02,-84026.28,"4/11/2024, 1:51:39 PM",638784.9
75,1014745.63,342075.61,13179,9877,1.9,672670.02,"4/11/2024, 1:52:01 PM",554758.62
76,935176.64,9088.28,10500,10500,1.08,926088.36,"4/11/2024, 1:52:18 PM",1227428.64
77,866202.99,12073.74,10500,10500,1.08,854129.25,"4/11/2024, 1:52:36 PM",2153517
78,864230.01,22697.84,10700,10394,1.31,841532.17,"4/11/2024, 1:52:55 PM",3007646.25
79,889001.29,1089535.70,10332,4750,3.35,-200534.41,"4/11/2024, 1:53:20 PM",3849178.42
80,946342.94,2889964.47,11978,975,18.38,-1943621.53,"4/11/2024, 1:54:02 PM",3648644.01
81,799268.09,176080.98,11631,9915,1.52,623187.11,"4/11/2024, 1:54:23 PM",1705022.48
82,711762.47,1466519.38,10511,2527,4.68,-754756.91,"4/11/2024, 1:54:50 PM",2328209.59
83,817827.79,82512.94,11525,10653,1.29,735314.85,"4/11/2024, 1:55:09 PM",1573452.68
84,808719.08,871742.79,10624,4778,2.94,-63023.71,"4/11/2024, 1:55:34 PM",2308767.53
85,849295.74,13162.49,10500,10500,1.06,836133.25,"4/11/2024, 1:55:51 PM",2245743.82
86,816107.10,63101.71,11043,10209,1.38,753005.39,"4/11/2024, 1:56:11 PM",3081877.07
87,858811.97,640665.97,10601,6472,2.34,218146.00,"4/11/2024, 1:56:34 PM",3834882.46
88,976351.33,0.00,10500,10500,1,976351.33,"4/11/2024, 1:56:49 PM",4053028.46
89,1028787.36,1557407.44,11200,4676,3.45,-528620.08,"4/11/2024, 1:57:15 PM",5029379.79
90,897927.56,2888561.66,11575,1009,8.7,-1990634.10,"4/11/2024, 1:57:48 PM",4500759.71
91,721989.45,2993644.61,11317,178,29.64,-2271655.16,"4/11/2024, 1:58:37 PM",2510125.61
92,741217.20,99004.81,10941,9688,1.44,642212.39,"4/11/2024, 1:58:57 PM",238470.45
93,708454.69,1027363.47,9294,3147,3.56,-318908.78,"4/11/2024, 1:59:23 PM",880682.84
94,694833.55,1749726.70,10923,1389,6,-1054893.15,"4/11/2024, 1:59:52 PM",561774.06
95,711407.68,627076.11,11253,6231,2.48,84331.57,"4/11/2024, 2:00:16 PM",-493119.09
96,722993.06,1406640.23,9884,2009,5.15,-683647.17,"4/11/2024, 2:01:03 PM",-408787.52
97,824374.14,2049687.82,12403,1694,6.32,-1225313.68,"4/11/2024, 2:01:33 PM",-1092434.69
98,777495.25,75450.82,11714,10958,1.28,702044.43,"4/11/2024, 2:01:52 PM",-2317748.37
99,694073.89,2143860.44,10518,679,10.38,-1449786.55,"4/11/2024, 2:02:27 PM",-1615703.94
100,767995.78,307577.63,12327,9020,2.04,460418.15,"4/11/2024, 2:02:49 PM",-3065490.49
101,803970.69,0.00,10500,10500,1.04,803970.69,"4/11/2024, 2:03:06 PM",-2605072.34
102,823410.16,116571.41,11413,10257,1.44,706838.75,"4/11/2024, 2:03:26 PM",-1801101.65
103,853443.56,1894451.27,11470,2460,5.3,-1041007.71,"4/11/2024, 2:03:55 PM",-1094262.9
104,966836.50,311426.32,13017,10319,1.82,655410.18,"4/11/2024, 2:04:16 PM",-2135270.61
105,962923.41,281784.84,12555,9975,1.69,681138.57,"4/11/2024, 2:04:37 PM",-1479860.43
106,1007950.17,86224.19,12613,11571,1.35,921725.98,"4/11/2024, 2:04:57 PM",-798721.86
107,1018468.77,868908.27,12157,6730,2.73,149560.50,"4/11/2024, 2:05:21 PM",123004.12
108,1162874.92,406892.26,13618,10396,1.88,755982.66,"4/11/2024, 2:05:43 PM",272564.62
109,1022796.05,523795.32,12732,8600,2.2,499000.73,"4/11/2024, 2:06:05 PM",1028547.28
110,1072783.49,79533.61,12670,11973,1.27,993249.88,"4/11/2024, 2:06:24 PM",1527548.01
111,905220.49,3437724.98,11488,804,12.57,-2532504.49,"4/11/2024, 2:07:02 PM",2520797.89
112,786428.85,2587878.36,12332,970,11.03,-1801449.51,"4/11/2024, 2:07:37 PM",-11706.6
113,853408.65,39564.57,11881,11354,1.27,813844.08,"4/11/2024, 2:07:56 PM",-1813156.11
114,808455.93,153337.33,10250,8499,1.61,655118.60,"4/11/2024, 2:08:17 PM",-999312.03
115,927985.91,165024.93,11139,9578,1.47,762960.98,"4/11/2024, 2:08:37 PM",-344193.43
116,799901.05,3100699.27,10754,449,22.23,-2300798.22,"4/11/2024, 2:09:22 PM",418767.55
117,795885.30,1736938.71,11522,2717,5.41,-941053.41,"4/11/2024, 2:09:51 PM",-1882030.67
118,755655.03,515011.88,10982,5998,2.4,240643.15,"4/11/2024, 2:10:14 PM",-2823084.08
119,756287.80,71847.78,10644,9644,1.3,684440.02,"4/11/2024, 2:10:33 PM",-2582440.93
120,701196.06,1636317.00,9671,1608,5.74,-935120.94,"4/11/2024, 2:11:02 PM",-1898000.91
121,846130.67,1615614.27,12496,3198,4.26,-769483.60,"4/11/2024, 2:11:29 PM",-2833121.85
122,812810.27,174922.72,12139,10121,1.55,637887.55,"4/11/2024, 2:11:50 PM",-3602605.45
123,760058.51,1903766.55,11403,1488,6.67,-1143708.04,"4/11/2024, 2:12:21 PM",-2964717.9
124,929746.61,39239.59,10500,10500,1.11,890507.02,"4/11/2024, 2:12:38 PM",-4108425.94
125,828156.62,105159.20,12088,11322,1.27,722997.42,"4/11/2024, 2:12:57 PM",-3217918.92
126,798198.23,3084619.85,11938,288,33.7,-2286421.62,"4/11/2024, 2:13:49 PM",-2494921.5
127,918576.55,459366.53,13258,9553,2.15,459210.02,"4/11/2024, 2:14:11 PM",-4781343.12
128,844084.62,717856.28,11819,6183,2.47,126228.34,"4/11/2024, 2:14:35 PM",-4322133.1
129,943087.90,25047.64,10500,10500,1.1,918040.26,"4/11/2024, 2:14:53 PM",-4195904.76
130,870244.52,699448.15,11887,6971,2.52,170796.37,"4/11/2024, 2:15:16 PM",-3277864.5
131,1026736.65,680368.80,13237,8586,2.16,346367.85,"4/11/2024, 2:15:38 PM",-3107068.13
132,978242.19,2620578.78,13453,1482,7.33,-1642336.59,"4/11/2024, 2:16:10 PM",-2760700.28
133,891417.64,72298.94,13270,12443,1.28,819118.70,"4/11/2024, 2:16:30 PM",-4403036.87
134,799581.06,2653890.20,12371,1050,8.39,-1854309.14,"4/11/2024, 2:17:02 PM",-3583918.17
135,920153.48,92648.26,13440,12281,1.37,827505.22,"4/11/2024, 2:17:22 PM",-5438227.31
136,936478.36,1305418.14,12970,5331,3.41,-368939.78,"4/11/2024, 2:17:48 PM",-4610722.09
137,1004799.16,102082.01,13702,12557,1.33,902717.15,"4/11/2024, 2:18:07 PM",-4979661.87
138,977723.74,2442188.26,13553,2064,5.84,-1464464.52,"4/11/2024, 2:18:36 PM",-4076944.72
139,900311.67,0.00,10500,10500,1.09,900311.67,"4/11/2024, 2:18:54 PM",-5541409.24
140,846117.31,197755.41,13004,10939,1.7,648361.90,"4/11/2024, 2:19:15 PM",-4641097.57
141,1025905.76,2426056.38,13714,1893,5.94,-1400150.62,"4/11/2024, 2:19:45 PM",-3992735.67
142,877548.11,1812594.19,13433,3405,4.81,-935046.08,"4/11/2024, 2:20:12 PM",-5392886.29
143,800234.61,2573639.50,13235,847,11.76,-1773404.89,"4/11/2024, 2:20:49 PM",-6327932.37
144,851069.32,139266.47,13017,11367,1.47,711802.85,"4/11/2024, 2:21:09 PM",-8101337.26
145,786042.29,567027.82,11616,7206,2.35,219014.47,"4/11/2024, 2:21:32 PM",-7389534.41
146,1013592.64,11899.74,10500,10500,1.05,1001692.90,"4/11/2024, 2:21:49 PM",-7170519.94
147,939400.47,300062.34,12899,10316,1.92,639338.13,"4/11/2024, 2:22:11 PM",-6168827.04
148,1240206.55,603639.58,14173,10130,2.04,636566.97,"4/11/2024, 2:22:33 PM",-5529488.91
149,1146378.02,3028088.24,14230,1523,6.48,-1881710.22,"4/11/2024, 2:23:03 PM",-4892921.94
150,977107.30,422809.34,14176,10241,2.08,554297.96,"4/11/2024, 2:23:25 PM",-6774632.16
151,971340.87,1207948.24,13521,5935,3.03,-236607.37,"4/11/2024, 2:23:51 PM",-6220334.2
152,1053837.97,429154.34,14370,10721,1.97,624683.63,"4/11/2024, 2:24:13 PM",-6456941.57
153,1005675.35,3061795.79,13839,808,9.44,-2056120.44,"4/11/2024, 2:24:47 PM",-5832257.94
154,941987.61,833988.27,13973,7031,2.72,107999.34,"4/11/2024, 2:25:11 PM",-7888378.38
155,884201.13,166765.28,13398,11690,1.45,717435.85,"4/11/2024, 2:25:31 PM",-7780379.04
156,847750.49,999259.66,12794,5233,3.24,-151509.17,"4/11/2024, 2:25:56 PM",-7062943.19
157,1031548.43,262503.40,14273,11789,1.66,769045.03,"4/11/2024, 2:26:17 PM",-7214452.36
158,1092869.36,309583.48,14007,11200,1.73,783285.88,"4/11/2024, 2:26:38 PM",-6445407.33
159,1082254.59,801748.93,13861,8374,2.3,280505.66,"4/11/2024, 2:27:00 PM",-5662121.45
160,1152784.97,1692034.17,14827,5307,3.33,-539249.20,"4/11/2024, 2:27:26 PM",-5381615.79
161,1085242.90,0.00,10500,10500,1.08,1085242.90,"4/11/2024, 2:27:43 PM",-5920864.99
162,941202.02,98417.68,13394,12364,1.56,842784.34,"4/11/2024, 2:28:04 PM",-4835622.09
163,1156531.97,1909267.08,13624,4103,3.85,-752735.11,"4/11/2024, 2:28:30 PM",-3992837.75
164,1012628.49,2172285.89,14124,2172,5.39,-1159657.40,"4/11/2024, 2:28:59 PM",-4745572.86
165,952650.60,292714.94,14107,11103,1.8,659935.66,"4/11/2024, 2:29:21 PM",-5905230.26
166,894772.41,0.00,10500,10500,1.01,894772.41,"4/11/2024, 2:29:37 PM",-5245294.6
167,1011095.81,0.00,10500,10500,1.07,1011095.81,"4/11/2024, 2:29:54 PM",-4350522.19
168,947091.34,3100881.34,12163,813,12.87,-2153790.00,"4/11/2024, 2:30:32 PM",-3339426.38
169,1030480.96,295154.81,14141,11590,1.68,735326.15,"4/11/2024, 2:30:52 PM",-5493216.38
170,975410.74,51717.09,13052,12460,1.21,923693.65,"4/11/2024, 2:31:11 PM",-4757890.23
171,969270.36,16766.08,10500,10500,1.1,952504.28,"4/11/2024, 2:31:29 PM",-3834196.58
172,962304.46,2677938.84,12032,1007,8.87,-1715634.38,"4/11/2024, 2:32:02 PM",-2881692.3
173,1034605.34,729768.99,13476,8308,2.25,304836.35,"4/11/2024, 2:32:24 PM",-4597326.68
174,982245.11,330135.77,12508,9634,1.7,652109.34,"4/11/2024, 2:32:46 PM",-4292490.33
175,1016455.49,184637.86,12301,10669,1.46,831817.63,"4/11/2024, 2:33:05 PM",-3640380.99
176,1017873.69,2679716.96,12439,1116,6.99,-1661843.27,"4/11/2024, 2:33:37 PM",-2808563.36
177,1072898.85,69260.40,13763,13216,1.2,1003638.45,"4/11/2024, 2:33:55 PM",-4470406.63
178,804540.52,3137649.54,11736,296,28.32,-2333109.02,"4/11/2024, 2:34:44 PM",-3466768.18
179,932400.53,0.00,10500,10500,1.06,932400.53,"4/11/2024, 2:35:01 PM",-5799877.2
180,948608.23,21361.47,10500,10500,1.1,927246.76,"4/11/2024, 2:35:18 PM",-4867476.67
181,964198.05,348947.91,11421,9081,1.92,615250.14,"4/11/2024, 2:35:40 PM",-3940229.91
182,1191911.31,1342233.97,13546,6489,2.7,-150322.66,"4/11/2024, 2:36:04 PM",-3324979.77
183,1134431.69,0.00,10500,10500,1.11,1134431.69,"4/11/2024, 2:36:21 PM",-3475302.43
184,948794.77,2927988.38,12616,1188,7.75,-1979193.61,"4/11/2024, 2:36:54 PM",-2340870.74
185,955685.81,1700206.88,12927,3512,4.17,-744521.07,"4/11/2024, 2:37:21 PM",-4320064.35
186,968927.79,19929.12,10500,10500,1.12,948998.67,"4/11/2024, 2:37:39 PM",-5064585.42
187,811850.84,120494.23,11042,9986,1.42,691356.61,"4/11/2024, 2:37:58 PM",-4115586.75
188,929822.37,2521749.45,12403,1454,6.24,-1591927.08,"4/11/2024, 2:38:28 PM",-3424230.14
189,918457.80,1964096.35,13173,2887,4.9,-1045638.55,"4/11/2024, 2:38:56 PM",-5016157.22
190,873706.59,1089314.06,12301,5427,3.06,-215607.47,"4/11/2024, 2:39:21 PM",-6061795.77
191,870600.17,0.00,10500,10500,1,870600.17,"4/11/2024, 2:39:37 PM",-6277403.24
192,928441.94,1441245.95,12071,4615,3.81,-512804.01,"4/11/2024, 2:40:03 PM",-5406803.07
193,922731.09,2108823.77,13187,12819,1.15,-1186092.68,"4/11/2024, 2:40:51 PM",-5919607.08
194,817752.71,3083496.91,11942,437,12.57,-2265744.20,"4/11/2024, 2:41:28 PM",-7105699.76
195,882289.56,2309617.95,13309,1302,6.83,-1427328.39,"4/11/2024, 2:41:59 PM",-9371443.96
196,743591.44,2520743.36,12426,675,13.08,-1777151.92,"4/11/2024, 2:42:36 PM",-10798772.35
197,835223.54,153808.71,12957,11267,1.58,681414.83,"4/11/2024, 2:42:57 PM",-12575924.27
198,837126.15,41323.92,10952,10479,1.18,795802.23,"4/11/2024, 2:43:15 PM",-11894509.44
199,879132.83,37754.54,11288,10786,1.21,841378.29,"4/11/2024, 2:43:33 PM",-11098707.21
200,900355.66,4937.88,10500,10500,1.02,895417.78,"4/11/2024, 2:43:50 PM",-10257328.92
201,940791.83,1748692.94,12654,4529,4,-807901.11,"4/11/2024, 2:44:17 PM",-9361911.14
202,1046234.03,3339148.22,14490,320,13.66,-2292914.19,"4/11/2024, 2:44:55 PM",-10169812.25
203,925142.58,2797045.90,14137,1431,7.26,-1871903.32,"4/11/2024, 2:45:27 PM",-12462726.44
204,901849.65,104092.36,13184,12178,1.34,797757.29,"4/11/2024, 2:45:46 PM",-14334629.76
205,747708.55,1442126.66,11037,2891,4.91,-694418.11,"4/11/2024, 2:46:14 PM",-13536872.47
206,987809.12,2668723.37,14378,1549,6.96,-1680914.25,"4/11/2024, 2:46:45 PM",-14231290.58
207,982535.43,1168625.25,13935,6887,3.26,-186089.82,"4/11/2024, 2:47:11 PM",-15912204.83
208,959322.30,1171421.06,12844,5130,3.39,-212098.76,"4/11/2024, 2:47:36 PM",-16098294.65
209,1001313.17,1768094.96,13840,4229,4.88,-766781.79,"4/11/2024, 2:48:04 PM",-16310393.41
210,1074992.78,992502.01,14490,8118,2.85,82490.77,"4/11/2024, 2:48:28 PM",-17077175.2
211,1021983.14,269533.52,13426,11223,1.72,752449.62,"4/11/2024, 2:48:49 PM",-16994684.43
212,998316.46,92866.01,12829,12068,1.27,905450.45,"4/11/2024, 2:49:08 PM",-16242234.81
213,896849.50,0.00,10500,10500,1.03,896849.50,"4/11/2024, 2:49:25 PM",-15336784.36
214,1091508.89,85864.21,13175,12435,1.37,1005644.68,"4/11/2024, 2:49:44 PM",-14439934.86
215,1075948.17,4188904.13,13561,82,22.92,-3112955.96,"4/11/2024, 2:50:30 PM",-13434290.18
216,1146138.88,26559.66,15515,15161,1.16,1119579.22,"4/11/2024, 2:50:48 PM",-16547246.14
217,955982.76,3943763.88,13910,223,24.19,-2987781.12,"4/11/2024, 2:51:34 PM",-15427666.92
218,1024625.63,47470.06,14180,13790,1.16,977155.57,"4/11/2024, 2:51:52 PM",-18415448.04
219,1038788.86,35619.73,13581,13172,1.16,1003169.13,"4/11/2024, 2:52:11 PM",-17438292.47
220,1105998.68,250629.65,13152,11251,1.81,855369.03,"4/11/2024, 2:52:32 PM",-16435123.34
221,1353547.87,3148703.42,15028,2367,5.71,-1795155.55,"4/11/2024, 2:53:02 PM",-15579754.31
222,1161468.55,46914.05,15519,15178,1.15,1114554.50,"4/11/2024, 2:53:21 PM",-17374909.86
223,990066.25,4036671.73,14067,381,21.48,-3046605.48,"4/11/2024, 2:54:05 PM",-16260355.36
224,933406.44,2287034.76,14197,2206,6.23,-1353628.32,"4/11/2024, 2:54:35 PM",-19306960.84
225,921453.18,3106285.69,14037,563,12.08,-2184832.51,"4/11/2024, 2:55:12 PM",-20660589.16
226,927023.47,137933.45,13807,12227,1.56,789090.02,"4/11/2024, 2:55:33 PM",-22845421.67
227,831837.05,1259404.00,11942,4780,3.96,-427566.95,"4/11/2024, 2:55:59 PM",-22056331.65
228,1169925.54,212837.26,15062,13102,1.59,957088.28,"4/11/2024, 2:56:20 PM",-22483898.6
229,1054559.97,4086661.12,14223,526,24.01,-3032101.15,"4/11/2024, 2:57:06 PM",-21526810.32
230,1079223.03,440047.75,15136,11877,2.03,639175.28,"4/11/2024, 2:57:28 PM",-24558911.47
231,1017013.27,1424742.40,14310,5767,3.63,-407729.13,"4/11/2024, 2:57:54 PM",-23919736.19
232,1216046.37,56228.35,15534,14885,1.23,1159818.02,"4/11/2024, 2:58:13 PM",-24327465.32
233,1108596.14,76039.88,14594,14008,1.26,1032556.26,"4/11/2024, 2:58:32 PM",-23167647.3
234,1232028.37,940840.23,14331,9465,2.51,291188.14,"4/11/2024, 2:58:55 PM",-22135091.04
235,1751867.02,206168.85,19426,18701,4.24,1545698.17,"4/11/2024, 2:59:23 PM",-21843902.9
236,1391741.47,3906221.57,16179,2565,6.03,-2514480.10,"4/11/2024, 2:59:54 PM",-20298204.73
237,1215078.87,3370555.85,16323,1768,8.41,-2155476.98,"4/11/2024, 3:00:27 PM",-22812684.83
238,284276.96,379267.40,15733,13012,1.84,-94990.44,"4/11/2024, 3:00:48 PM",-24968161.81
239,1171759.36,946812.99,14667,8556,2.64,224946.37,"4/11/2024, 3:01:12 PM",-25063152.25
240,1375205.26,365500.44,15953,13415,1.72,1009704.82,"4/11/2024, 3:01:33 PM",-24838205.88
241,1250789.80,4609077.70,15322,624,22.34,-3358287.90,"4/11/2024, 3:02:18 PM",-23828501.06
242,1158419.65,1552558.94,15786,7226,3.3,-394139.29,"4/11/2024, 3:02:44 PM",-27186788.96
243,1110560.85,1133913.93,15190,7287,2.86,-23353.08,"4/11/2024, 3:03:09 PM",-27580928.25
244,1172100.53,21117.50,14875,14702,1.14,1150983.03,"4/11/2024, 3:03:27 PM",-27604281.33
245,1035671.95,3017794.88,13901,2008,7.84,-1982122.93,"4/11/2024, 3:03:59 PM",-26453298.3
246,1162997.72,2591439.53,16726,3777,5.27,-1428441.81,"4/11/2024, 3:04:28 PM",-28435421.23
247,1157060.65,825042.52,16067,10146,2.43,332018.13,"4/11/2024, 3:04:51 PM",-29863863.04
248,1139432.76,166255.60,15071,13311,1.5,973177.16,"4/11/2024, 3:05:12 PM",-29531844.91
249,1026348.39,2764011.81,14841,2156,6.35,-1737663.42,"4/11/2024, 3:05:42 PM",-28558667.75
250,1246411.09,0.00,0,0,1.14,1246411.09,"4/11/2024, 3:06:00 PM",-30296331.17
251,1238000.66,2145026.89,15911,5468,4.26,-907026.23,"4/11/2024, 3:06:28 PM",-29049920.08
252,1373569.43,213533.73,16796,15069,1.52,1160035.70,"4/11/2024, 3:06:48 PM",-29956946.31
253,1402830.88,3921111.60,16776,1579,7.65,-2518280.72,"4/11/2024, 3:07:20 PM",-28796910.61
254,1259586.27,27680.42,10500,10500,1.1,1231905.85,"4/11/2024, 3:07:38 PM",-31315191.33
255,1208604.87,224017.90,16301,14502,1.65,984586.97,"4/11/2024, 3:07:59 PM",-30083285.48
256,1410838.34,4121698.89,17146,1631,7.33,-2710860.55,"4/11/2024, 3:08:31 PM",-29098698.51
257,1315708.42,205705.25,17102,15171,1.57,1110003.17,"4/11/2024, 3:08:52 PM",-31809559.06
258,1394795.19,409427.56,17144,14287,1.83,985367.63,"4/11/2024, 3:09:13 PM",-30699555.89
259,1548345.69,41751.19,17510,17142,1.43,1506594.50,"4/11/2024, 3:09:33 PM",-29714188.26
260,1468675.85,2933165.43,16787,5576,4.46,-1464489.58,"4/11/2024, 3:10:01 PM",-28207593.76
261,1450478.99,0.00,10500,10500,1.02,1450478.99,"4/11/2024, 3:10:18 PM",-29672083.34
262,1404305.70,174791.33,16894,15399,1.58,1229514.37,"4/11/2024, 3:10:39 PM",-28221604.35
263,1502881.84,388140.78,16615,14368,1.66,1114741.06,"4/11/2024, 3:11:00 PM",-26992089.98
264,1591578.43,424777.36,17086,14499,1.73,1166801.07,"4/11/2024, 3:11:21 PM",-25877348.92
265,1562065.46,48085.64,16430,16049,1.24,1513979.82,"4/11/2024, 3:11:40 PM",-24710547.85
266,1481254.49,65899.12,14988,14505,1.39,1415355.37,"4/11/2024, 3:12:00 PM",-23196568.03
267,1393046.47,438133.57,14559,12217,1.9,954912.90,"4/11/2024, 3:12:22 PM",-21781212.66
268,1608689.09,1660127.41,15275,8139,3.04,-51438.32,"4/11/2024, 3:12:47 PM",-20826299.76
269,1296582.91,4567428.00,15768,923,10.23,-3270845.09,"4/11/2024, 3:13:22 PM",-20877738.08
270,1097115.77,46453.65,15644,15151,1.22,1050662.12,"4/11/2024, 3:13:41 PM",-24148583.17
271,1070163.55,34955.82,10500,10500,1.11,1035207.73,"4/11/2024, 3:13:59 PM",-23097921.05
272,1196879.93,17790.46,13563,13356,1.18,1179089.47,"4/11/2024, 3:14:17 PM",-22062713.32
273,1146640.61,6642.88,10500,10500,1.05,1139997.73,"4/11/2024, 3:14:35 PM",-20883623.85
274,1066666.80,2222021.81,12565,4465,4.48,-1155355.01,"4/11/2024, 3:15:02 PM",-19743626.12
275,1250237.38,267411.76,14894,12733,1.65,982825.62,"4/11/2024, 3:15:23 PM",-20898981.13
276,1212768.27,252129.12,14199,11818,1.64,960639.15,"4/11/2024, 3:15:44 PM",-19916155.51
277,1157637.69,249098.75,13549,11383,1.62,908538.94,"4/11/2024, 3:16:05 PM",-18955516.36
278,1230219.14,0.00,10500,10500,1.05,1230219.14,"4/11/2024, 3:16:22 PM",-18046977.42
279,1155008.88,368745.26,12827,10394,1.98,786263.62,"4/11/2024, 3:16:44 PM",-16816758.28
280,1329376.21,44322.88,13521,13073,1.23,1285053.33,"4/11/2024, 3:17:03 PM",-16030494.66
281,1143432.18,278855.51,11724,9326,1.85,864576.67,"4/11/2024, 3:17:25 PM",-14745441.33
282,1241235.00,1591074.19,11683,5364,3.3,-349839.19,"4/11/2024, 3:17:50 PM",-13880864.66
283,1168883.33,101993.62,13212,11814,1.4,1066889.71,"4/11/2024, 3:18:09 PM",-14230703.85
284,839475.31,2832659.28,11054,870,27.28,-1993183.97,"4/11/2024, 3:18:58 PM",-13163814.14
285,797185.00,3123108.26,12508,289,14.23,-2325923.26,"4/11/2024, 3:19:36 PM",-15156998.11
286,881761.73,228546.69,12429,9739,1.88,653215.04,"4/11/2024, 3:19:58 PM",-17482921.37
287,824464.44,763355.31,10920,5462,2.66,61109.13,"4/11/2024, 3:20:22 PM",-16829706.33
288,812021.06,822340.63,12698,6455,2.41,-10319.57,"4/11/2024, 3:20:45 PM",-16768597.2
289,996675.22,36389.10,10500,10500,1.04,960286.12,"4/11/2024, 3:21:02 PM",-16778916.77
290,958208.79,178878.08,11509,9763,1.59,779330.71,"4/11/2024, 3:21:23 PM",-15818630.65
291,1035089.50,160967.72,12214,10813,1.39,874121.78,"4/11/2024, 3:21:43 PM",-15039299.94
292,921713.55,2489434.21,11744,1817,5.97,-1567720.66,"4/11/2024, 3:22:12 PM",-14165178.16
293,917107.20,2331545.47,13618,1660,5.74,-1414438.27,"4/11/2024, 3:22:42 PM",-15732898.82
294,901169.51,216718.31,13647,11237,1.65,684451.20,"4/11/2024, 3:23:03 PM",-17147337.09
295,821219.61,286209.26,12146,8940,1.84,535010.35,"4/11/2024, 3:23:25 PM",-16462885.89
296,1013425.86,32527.26,10500,10500,1.12,980898.60,"4/11/2024, 3:23:43 PM",-15927875.54
297,945713.66,952188.67,12523,6722,2.81,-6475.01,"4/11/2024, 3:24:07 PM",-14946976.94
298,1077593.64,309277.46,14356,11392,1.77,768316.18,"4/11/2024, 3:24:28 PM",-14953451.95
299,1099063.31,1369476.03,13300,5616,3.17,-270412.72,"4/11/2024, 3:24:53 PM",-14185135.77
300,933624.47,87740.42,13259,12063,1.41,845884.05,"4/11/2024, 3:25:13 PM",-14455548.49
301,910942.25,57924.22,12204,11367,1.27,853018.03,"4/11/2024, 3:25:32 PM",-13609664.44
302,918982.91,121022.59,11472,10045,1.45,797960.32,"4/11/2024, 3:25:52 PM",-12756646.41
303,1012409.16,0.00,10500,10500,1.02,1012409.16,"4/11/2024, 3:26:08 PM",-11958686.09
304,719475.18,88694.30,11172,10376,1.34,630780.88,"4/11/2024, 3:26:27 PM",-10946276.93
305,965820.49,0.00,10500,10500,1.03,965820.49,"4/11/2024, 3:26:44 PM",-10315496.05
306,853877.14,3649390.59,9783,191,21.84,-2795513.45,"4/11/2024, 3:27:29 PM",-9349675.56
307,898884.71,1932262.39,12391,2301,5.39,-1033377.68,"4/11/2024, 3:27:58 PM",-12145189.01
308,743980.69,2093700.68,11202,1035,6.73,-1349719.99,"4/11/2024, 3:28:29 PM",-13178566.69
309,800505.36,112255.24,11805,10325,1.45,688250.12,"4/11/2024, 3:28:49 PM",-14528286.68
310,715568.24,83936.07,9659,8355,1.42,631632.17,"4/11/2024, 3:29:09 PM",-13840036.56
311,754322.84,118958.24,9836,8725,1.33,635364.60,"4/11/2024, 3:29:28 PM",-13208404.39
312,795508.34,1073718.83,10238,4048,3.44,-278210.49,"4/11/2024, 3:29:53 PM",-12573039.79
313,965945.23,557867.60,13078,8653,2.18,408077.63,"4/11/2024, 3:30:16 PM",-12851250.28
314,908178.41,2577994.74,12506,1049,7.03,-1669816.33,"4/11/2024, 3:30:47 PM",-12443172.65
315,850629.51,2356714.79,12751,1276,6.77,-1506085.28,"4/11/2024, 3:31:18 PM",-14112988.98
316,823049.16,16685.37,10500,10500,1.07,806363.79,"4/11/2024, 3:31:35 PM",-15619074.26
317,605104.94,2422573.88,10271,484,16.99,-1817468.94,"4/11/2024, 3:32:16 PM",-14812710.47
318,904946.72,76049.28,13606,12585,1.48,828897.44,"4/11/2024, 3:32:36 PM",-16630179.41
319,878356.40,719885.82,12059,6664,2.68,158470.58,"4/11/2024, 3:33:00 PM",-15801281.97
320,1013550.69,331406.77,13359,10113,1.9,682143.92,"4/11/2024, 3:33:22 PM",-15642811.39
321,1029974.79,39307.20,13458,13010,1.17,990667.59,"4/11/2024, 3:33:40 PM",-14960667.47
322,956763.97,1421239.50,12421,4548,3.78,-464475.53,"4/11/2024, 3:34:06 PM",-13969999.88
323,1033714.67,531667.58,14324,9884,2.3,502047.09,"4/11/2024, 3:34:29 PM",-14434475.41
324,1054562.75,68070.82,13582,12566,1.31,986491.93,"4/11/2024, 3:34:49 PM",-13932428.32
325,1004749.74,0.00,10500,10500,1,1004749.74,"4/11/2024, 3:35:04 PM",-12945936.39
326,1118039.71,3864890.84,13869,1122,12.03,-2746851.13,"4/11/2024, 3:35:41 PM",-11941186.65
327,1009166.27,21609.40,10500,10500,1.11,987556.87,"4/11/2024, 3:35:59 PM",-14688037.78
328,975364.05,259321.16,12976,10531,1.83,716042.89,"4/11/2024, 3:36:20 PM",-13700480.91
329,1066503.14,3143619.30,13655,1216,7.66,-2077116.16,"4/11/2024, 3:36:53 PM",-12984438.02
330,1006188.71,47070.10,14093,13498,1.24,959118.61,"4/11/2024, 3:37:11 PM",-15061554.18
331,901279.85,197045.54,12815,10584,1.69,704234.31,"4/11/2024, 3:37:32 PM",-14102435.57
332,1099452.13,169473.75,13665,11962,1.5,929978.38,"4/11/2024, 3:37:52 PM",-13398201.26
333,1163668.68,249471.73,13545,11248,1.67,914196.95,"4/11/2024, 3:38:13 PM",-12468222.88
334,1189411.78,64262.34,13384,12844,1.23,1125149.44,"4/11/2024, 3:38:32 PM",-11554025.93
335,1161173.74,390137.82,12451,9691,2.02,771035.92,"4/11/2024, 3:38:54 PM",-10428876.49
336,1198819.63,0.00,0,0,1.2,1198819.63,"4/11/2024, 3:39:13 PM",-9657840.57
337,982964.60,0.00,10500,10500,1,982964.60,"4/11/2024, 3:39:28 PM",-8459020.94
338,1153022.16,110179.41,12118,11363,1.35,1042842.75,"4/11/2024, 3:39:48 PM",-7476056.34
339,1061241.86,160377.50,10598,9012,1.63,900864.36,"4/11/2024, 3:40:08 PM",-6433213.59
340,1031381.12,424819.35,10500,10500,1,606561.77,"4/11/2024, 3:40:46 PM",-5532349.23
341,971528.81,777392.93,10183,6073,3.1,194135.88,"4/11/2024, 3:41:11 PM",-4925787.46
342,861223.24,3107951.86,10602,1153,8.35,-2246728.62,"4/11/2024, 3:41:44 PM",-4731651.58
343,816470.26,46922.40,10926,10489,1.28,769547.86,"4/11/2024, 3:42:03 PM",-6978380.2
344,693265.36,1895486.99,9771,1841,6.03,-1202221.63,"4/11/2024, 3:42:32 PM",-6208832.34
345,724216.63,1725087.45,10808,2345,5.13,-1000870.82,"4/11/2024, 3:43:01 PM",-7411053.97
346,717062.81,3070009.75,10860,320,20.78,-2352946.94,"4/11/2024, 3:43:45 PM",-8411924.79
347,752279.55,180242.22,11304,9251,1.71,572037.33,"4/11/2024, 3:44:06 PM",-10764871.73
348,738700.53,78719.72,9867,8877,1.32,659980.81,"4/11/2024, 3:44:25 PM",-10192834.4
349,747509.66,158646.00,9516,7802,1.6,588863.66,"4/11/2024, 3:44:46 PM",-9532853.59
350,755206.18,3191207.20,10602,275,23.54,-2436001.02,"4/11/2024, 3:45:32 PM",-8943989.93
351,866445.91,397107.51,12226,8767,2.13,469338.40,"4/11/2024, 3:45:54 PM",-11379990.95
352,829064.34,67744.20,11409,10441,1.28,761320.14,"4/11/2024, 3:46:13 PM",-10910652.55
353,716457.92,1150551.27,9997,2994,4.29,-434093.35,"4/11/2024, 3:46:40 PM",-10149332.41
354,906779.74,152754.22,12791,11220,1.46,754025.52,"4/11/2024, 3:47:00 PM",-10583425.76
355,898728.45,171318.58,12091,10134,1.53,727409.87,"4/11/2024, 3:47:21 PM",-9829400.24
356,866244.55,1272134.76,11907,4199,3.69,-405890.21,"4/11/2024, 3:47:47 PM",-9101990.37
357,906336.78,741706.96,13105,7027,2.56,164629.82,"4/11/2024, 3:48:10 PM",-9507880.58
358,959895.95,178952.53,12766,10614,1.57,780943.42,"4/11/2024, 3:48:31 PM",-9343250.76
359,909414.94,192524.99,11818,9589,1.79,716889.95,"4/11/2024, 3:48:52 PM",-8562307.34
360,995227.63,33701.79,12438,12011,1.18,961525.84,"4/11/2024, 3:49:10 PM",-7845417.39
361,924684.47,7394.12,10500,10500,1.07,917290.35,"4/11/2024, 3:49:28 PM",-6883891.55
362,857718.47,1476445.87,10886,3984,4.76,-618727.40,"4/11/2024, 3:49:56 PM",-5966601.2
363,987089.95,28184.71,13008,12692,1.14,958905.24,"4/11/2024, 3:50:14 PM",-6585328.6
364,916667.77,679446.32,11181,6342,2.65,237221.45,"4/11/2024, 3:50:38 PM",-5626423.36
365,991934.11,210521.25,12027,9541,1.74,781412.86,"4/11/2024, 3:50:59 PM",-5389201.91
366,956674.39,193621.40,11638,9627,1.55,763052.99,"4/11/2024, 3:51:19 PM",-4607789.05
367,867186.61,139886.53,10842,9164,1.49,727300.08,"4/11/2024, 3:51:40 PM",-3844736.06
368,836097.28,846524.55,10210,4725,3.08,-10427.27,"4/11/2024, 3:52:04 PM",-3117435.98
369,954879.27,43307.81,11734,11237,1.19,911571.46,"4/11/2024, 3:52:23 PM",-3127863.25
370,837621.74,204344.31,10014,8010,1.64,633277.43,"4/11/2024, 3:52:44 PM",-2216291.79
371,849464.49,407537.08,9811,6510,2.02,441927.41,"4/11/2024, 3:53:06 PM",-1583014.36
372,990944.07,622477.13,10573,6140,2.22,368466.94,"4/11/2024, 3:53:28 PM",-1141086.95
373,943771.75,2006247.54,10429,1534,5.72,-1062475.79,"4/11/2024, 3:53:58 PM",-772620.01
374,849167.06,569955.19,10916,6275,2.34,279211.87,"4/11/2024, 3:54:21 PM",-1835095.8
375,777538.50,474112.49,10295,6182,2.09,303426.01,"4/11/2024, 3:54:43 PM",-1555883.93
376,705188.25,2669710.50,10504,225,14,-1964522.25,"4/11/2024, 3:55:22 PM",-1252457.92
377,745626.27,12367.91,11164,10995,1.32,733258.36,"4/11/2024, 3:55:41 PM",-3216980.17
378,703101.29,805925.14,9697,3722,3.19,-102823.85,"4/11/2024, 3:56:06 PM",-2483721.81
379,783350.04,2068893.13,11095,811,7.16,-1285543.09,"4/11/2024, 3:56:37 PM",-2586545.66
380,730552.24,83320.05,11357,9964,1.45,647232.19,"4/11/2024, 3:56:57 PM",-3872088.75
381,771965.55,995686.92,10720,3738,3.34,-223721.37,"4/11/2024, 3:57:22 PM",-3224856.56
382,872945.73,1495106.72,12126,2964,3.98,-622160.99,"4/11/2024, 3:57:49 PM",-3448577.93
383,873705.01,881858.35,12078,5277,3.04,-8153.34,"4/11/2024, 3:58:14 PM",-4070738.92
384,855903.68,750161.39,11950,5757,2.62,105742.29,"4/11/2024, 3:58:37 PM",-4078892.26
385,769591.61,16281.20,11877,11691,1.17,753310.41,"4/11/2024, 3:58:55 PM",-3973149.97
386,689319.68,35537.07,10759,10248,1.17,653782.61,"4/11/2024, 3:59:14 PM",-3219839.56
387,769314.51,293579.67,10600,8127,1.86,475734.84,"4/11/2024, 3:59:35 PM",-2566056.95
388,1000525.61,437637.62,12445,9264,1.78,562887.99,"4/11/2024, 3:59:57 PM",-2090322.11
389,920530.56,2448864.66,10500,10500,1.03,-1528334.10,"4/11/2024, 4:00:52 PM",-1527434.12
390,789297.38,2512195.60,11508,644,9.6,-1722898.22,"4/11/2024, 4:01:26 PM",-3055768.22
391,851015.16,75920.89,12372,11221,1.35,775094.27,"4/11/2024, 4:01:45 PM",-4778666.44
392,867445.21,2133179.10,11862,1270,6.19,-1265733.89,"4/11/2024, 4:02:15 PM",-4003572.17
393,817951.61,2989799.11,12549,226,15.79,-2171847.50,"4/11/2024, 4:02:55 PM",-5269306.06
394,770185.10,90379.10,12176,10828,1.39,679806.00,"4/11/2024, 4:03:15 PM",-7441153.56
395,758582.96,1430063.73,11222,2803,4.49,-671480.77,"4/11/2024, 4:03:42 PM",-6761347.56
396,876960.61,2075483.17,13207,2077,5.21,-1198522.56,"4/11/2024, 4:04:11 PM",-7432828.33
397,880006.95,239775.28,12585,9618,1.89,640231.67,"4/11/2024, 4:04:33 PM",-8631350.89
398,852940.99,11471.83,12421,12294,1.25,841469.16,"4/11/2024, 4:04:52 PM",-7991119.22
399,831196.45,40732.86,12097,11478,1.22,790463.59,"4/11/2024, 4:05:10 PM",-7149650.06
400,891714.87,1750865.46,12063,2603,4.86,-859150.59,"4/11/2024, 4:05:39 PM",-6359186.47
401,1049505.70,607842.29,14701,9842,2.23,441663.41,"4/11/2024, 4:06:01 PM",-7218337.06
402,901511.35,49404.64,12932,12228,1.22,852106.71,"4/11/2024, 4:06:20 PM",-6776673.65
403,859273.64,404380.41,12170,8741,2.08,454893.23,"4/11/2024, 4:06:43 PM",-5924566.94
404,1054343.44,2747613.12,13804,1092,9.89,-1693269.68,"4/11/2024, 4:07:17 PM",-5469673.71
405,966332.39,286816.47,13663,10908,1.8,679515.92,"4/11/2024, 4:07:39 PM",-7162943.39
406,870795.62,269053.30,12304,9610,1.7,601742.32,"4/11/2024, 4:08:00 PM",-6483427.47
407,930640.62,0.00,10500,10500,1.08,930640.62,"4/11/2024, 4:08:17 PM",-5881685.15
408,997290.92,152898.61,12506,11122,1.5,844392.31,"4/11/2024, 4:08:38 PM",-4951044.53
409,1078913.41,20078.77,10500,10500,1.09,1058834.64,"4/11/2024, 4:08:55 PM",-4106652.22
410,1064207.06,37346.38,10500,10500,1.06,1026860.68,"4/11/2024, 4:09:12 PM",-3047817.58
411,948649.95,701546.23,11163,6918,2.69,247103.72,"4/11/2024, 4:09:36 PM",-2020956.9
412,1086481.02,876525.32,13244,7679,2.34,209955.70,"4/11/2024, 4:09:59 PM",-1773853.18
413,1069259.69,187264.13,12949,10744,1.61,881995.56,"4/11/2024, 4:10:20 PM",-1563897.48
414,887364.74,372736.87,11570,8092,2.01,514627.87,"4/11/2024, 4:10:42 PM",-681901.92
415,987202.92,675027.79,11966,7318,2.18,312175.13,"4/11/2024, 4:11:05 PM",-167274.05
416,1004959.77,974819.61,11848,5681,2.5,30140.16,"4/11/2024, 4:11:29 PM",144901.08
417,870621.51,2837613.67,11904,762,8.48,-1966992.16,"4/11/2024, 4:12:02 PM",175041.24
418,853085.48,101042.97,12319,11257,1.32,752042.51,"4/11/2024, 4:12:21 PM",-1791950.92
419,694691.67,1901384.57,10761,1258,6.39,-1206692.90,"4/11/2024, 4:12:51 PM",-1039908.41
420,814433.56,1524918.47,12140,2468,4.63,-710484.91,"4/11/2024, 4:13:19 PM",-2246601.31
421,777529.29,1475544.29,12275,2387,4.53,-698015.00,"4/11/2024, 4:13:47 PM",-2957086.22
422,783520.49,55666.70,12636,11666,1.29,727853.79,"4/11/2024, 4:14:07 PM",-3655101.22
423,651240.96,2198397.83,10910,718,9.89,-1547156.87,"4/11/2024, 4:14:41 PM",-2927247.43
424,849869.56,94311.66,12821,11709,1.31,755557.90,"4/11/2024, 4:15:00 PM",-4474404.3
425,791741.19,96140.75,12246,11008,1.32,695600.44,"4/11/2024, 4:15:20 PM",-3718846.4
426,899817.80,63489.56,11956,11325,1.19,836328.24,"4/11/2024, 4:15:38 PM",-3023245.96
427,899148.59,140160.31,11318,9816,1.44,758988.28,"4/11/2024, 4:15:58 PM",-2186917.72
428,815536.19,2153777.94,11388,1409,6.3,-1338241.75,"4/11/2024, 4:16:28 PM",-1427929.44
429,1017523.92,270661.96,13482,11299,1.72,746861.96,"4/11/2024, 4:16:49 PM",-2766171.19
430,978971.72,251290.20,12695,10284,1.52,727681.52,"4/11/2024, 4:17:10 PM",-2019309.23
431,848337.19,1707418.86,12024,2715,4.87,-859081.67,"4/11/2024, 4:17:38 PM",-1291627.71
432,863569.18,2387230.21,13492,866,7.78,-1523661.03,"4/11/2024, 4:18:10 PM",-2150709.38
433,841975.40,384725.78,13223,9121,2.03,457249.62,"4/11/2024, 4:18:32 PM",-3674370.41
434,773485.46,2128125.93,12176,1207,10.94,-1354640.47,"4/11/2024, 4:19:08 PM",-3217120.79
435,817073.36,0.00,10500,10500,1,817073.36,"4/11/2024, 4:19:24 PM",-4571761.26
436,872102.56,24896.23,12362,11902,1.2,847206.33,"4/11/2024, 4:19:43 PM",-3754687.9
437,835262.20,1719836.71,11570,3170,4.87,-884574.51,"4/11/2024, 4:20:11 PM",-2907481.57
438,946415.14,2569286.50,14200,1136,7.06,-1622871.36,"4/11/2024, 4:20:42 PM",-3792056.08
439,856864.59,2542126.86,13826,1612,8.89,-1685262.27,"4/11/2024, 4:21:16 PM",-5414927.44
440,805870.54,134791.85,12751,10845,1.56,671078.69,"4/11/2024, 4:21:36 PM",-7100189.71
441,732378.67,1932183.71,11223,1489,8.15,-1199805.04,"4/11/2024, 4:22:08 PM",-6429111.02
442,785382.63,1626685.14,13216,3302,5.04,-841302.51,"4/11/2024, 4:22:37 PM",-7628916.06
443,916154.86,38469.07,13498,13093,1.15,877685.79,"4/11/2024, 4:22:55 PM",-8470218.57
444,787019.89,856457.91,11790,5939,3.09,-69438.02,"4/11/2024, 4:23:20 PM",-7592532.78
445,989690.34,2775402.47,14645,985,9.22,-1785712.13,"4/11/2024, 4:23:54 PM",-7661970.8
446,959061.82,145993.81,14231,12866,1.4,813068.01,"4/11/2024, 4:24:14 PM",-9447682.93
447,911248.07,50191.54,13205,12639,1.18,861056.53,"4/11/2024, 4:24:32 PM",-8634614.92
448,971632.80,11818.59,10500,10500,1.05,959814.21,"4/11/2024, 4:24:49 PM",-7773558.39
449,971289.81,113004.04,12968,11732,1.48,858285.77,"4/11/2024, 4:25:09 PM",-6813744.18
450,1137482.00,1238870.77,13688,6739,3.04,-101388.77,"4/11/2024, 4:25:34 PM",-5955458.41
451,1152529.54,1205584.21,15406,7557,2.77,-53054.67,"4/11/2024, 4:25:58 PM",-6056847.18
452,1170947.50,118069.93,15263,13930,1.38,1052877.57,"4/11/2024, 4:26:18 PM",-6109901.85
453,1118362.66,115199.45,13504,12524,1.29,1003163.21,"4/11/2024, 4:26:37 PM",-5057024.28
454,1079413.94,505926.13,12795,9549,2.03,573487.81,"4/11/2024, 4:26:59 PM",-4053861.07
455,1334140.85,938272.93,14718,9100,2.24,395867.92,"4/11/2024, 4:27:22 PM",-3480373.26
456,1171482.58,2470307.42,14556,3245,4.51,-1298824.84,"4/11/2024, 4:27:50 PM",-3084505.34
457,1069237.78,1126231.95,14713,6708,2.99,-56994.17,"4/11/2024, 4:28:15 PM",-4383330.18
458,1048850.91,0.00,10500,10500,1,1048850.91,"4/11/2024, 4:28:31 PM",-4440324.35
459,995559.28,63600.66,13525,12705,1.31,931958.62,"4/11/2024, 4:28:50 PM",-3391473.44
460,956884.87,36376.22,12465,12135,1.14,920508.65,"4/11/2024, 4:29:08 PM",-2459514.82
461,957331.34,24386.71,12026,11647,1.15,932944.63,"4/11/2024, 4:29:27 PM",-1539006.17
462,852982.36,3424816.50,11124,352,26.15,-2571834.14,"4/11/2024, 4:30:14 PM",-606061.54
463,1001547.59,317905.39,13825,11236,1.83,683642.20,"4/11/2024, 4:30:35 PM",-3177895.68
464,972319.35,236444.23,12790,10009,1.68,735875.12,"4/11/2024, 4:30:56 PM",-2494253.48
465,912608.59,1521132.47,12350,3441,3.87,-608523.88,"4/11/2024, 4:31:23 PM",-1758378.36
466,1035168.11,59551.58,13963,13116,1.26,975616.53,"4/11/2024, 4:31:42 PM",-2366902.24
467,850338.77,11802.25,10500,10500,1.08,838536.52,"4/11/2024, 4:31:59 PM",-1391285.71
468,932863.89,0.00,10500,10500,1.06,932863.89,"4/11/2024, 4:32:16 PM",-552749.19
469,896868.67,44779.07,11107,10573,1.22,852089.60,"4/11/2024, 4:32:35 PM",380114.7
470,962387.49,73375.39,10762,9819,1.32,889012.10,"4/11/2024, 4:32:54 PM",1232204.3
471,940739.87,26761.34,10693,10501,1.21,913978.53,"4/11/2024, 4:33:13 PM",2121216.4
472,925199.36,567877.52,9883,6877,2.32,357321.84,"4/11/2024, 4:33:35 PM",3035194.93
473,1179360.61,1485695.98,12182,4748,3.14,-306335.37,"4/11/2024, 4:34:00 PM",3392516.77
474,1048274.63,40216.19,12097,11654,1.16,1008058.44,"4/11/2024, 4:34:18 PM",3086181.4
475,880901.94,0.00,10500,10500,1.04,880901.94,"4/11/2024, 4:34:35 PM",4094239.84
476,881547.91,572469.46,9052,5900,2.41,309078.45,"4/11/2024, 4:34:59 PM",4975141.78
477,1138219.23,468450.49,11019,7955,1.98,669768.74,"4/11/2024, 4:35:21 PM",5284220.23
478,1011036.70,137191.45,10252,8780,1.46,873845.25,"4/11/2024, 4:35:41 PM",5953988.97
479,815553.19,0.00,10500,10500,1.05,815553.19,"4/11/2024, 4:35:58 PM",6827834.22
480,848843.38,6370.59,10500,10500,1.03,842472.79,"4/11/2024, 4:36:15 PM",7643387.41
481,818591.17,0.00,10500,10500,1.03,818591.17,"4/11/2024, 4:36:31 PM",8485860.2
482,781577.57,145204.92,6941,5917,1.73,636372.65,"4/11/2024, 4:36:52 PM",9304451.37
483,866334.78,897191.05,8105,3519,3.02,-30856.27,"4/11/2024, 4:37:17 PM",9940824.02
484,774617.45,3212128.21,9362,371,16.31,-2437510.76,"4/11/2024, 4:37:57 PM",9909967.75
485,750324.81,36570.40,9813,9628,1.27,713754.41,"4/11/2024, 4:38:16 PM",7472456.99
486,615219.38,1779869.83,8335,927,6.76,-1164650.45,"4/11/2024, 4:38:47 PM",8186211.4
487,808645.94,601899.19,9946,5647,2.42,206746.75,"4/11/2024, 4:39:10 PM",7021560.95
488,804901.35,717580.41,9717,4512,2.58,87320.94,"4/11/2024, 4:39:34 PM",7228307.7
489,693458.74,2717965.23,10340,268,21,-2024506.49,"4/11/2024, 4:40:18 PM",7315628.64
490,757104.45,514955.47,10326,5913,2.54,242148.98,"4/11/2024, 4:40:42 PM",5291122.15
491,742100.91,38080.91,9943,9456,1.19,704020.00,"4/11/2024, 4:41:00 PM",5533271.13
492,651532.93,283154.54,8428,6043,2.01,368378.39,"4/11/2024, 4:41:22 PM",6237291.13
493,836854.56,0.00,10500,10500,1.02,836854.56,"4/11/2024, 4:41:39 PM",6605669.52
494,792283.63,625706.53,9700,5242,2.54,166577.10,"4/11/2024, 4:42:02 PM",7442524.08
495,957934.70,100458.89,11454,10368,1.41,857475.81,"4/11/2024, 4:42:22 PM",7609101.18
496,770324.96,2775290.17,10150,558,9.22,-2004965.21,"4/11/2024, 4:42:55 PM",8466576.99
497,885612.47,385518.57,11403,8393,1.95,500093.90,"4/11/2024, 4:43:17 PM",6461611.78
498,763047.02,2341627.14,10883,620,9.43,-1578580.12,"4/11/2024, 4:43:51 PM",6961705.68
499,794249.38,86487.85,11131,9921,1.38,707761.53,"4/11/2024, 4:44:10 PM",5383125.56
500,769357.57,19650.03,10500,10500,1.09,749707.54,"4/11/2024, 4:44:28 PM",6090887.09
501,808693.92,23093.08,10500,10500,1.03,785600.84,"4/11/2024, 4:44:45 PM",6840594.63
502,769338.29,25104.31,10500,10500,1.11,744233.98,"4/11/2024, 4:45:03 PM",7626195.47
503,772988.36,1319415.93,9324,2980,4.42,-546427.57,"4/11/2024, 4:45:30 PM",8370429.45
504,970399.30,888581.83,12179,6238,2.73,81817.47,"4/11/2024, 4:45:54 PM",7824001.88
505,874267.50,1060216.45,11588,4436,3.18,-185948.95,"4/11/2024, 4:46:18 PM",7905819.35
506,841651.94,2238926.80,11741,1171,6.63,-1397274.86,"4/11/2024, 4:46:49 PM",7719870.4
507,834737.55,68647.70,11720,10698,1.34,766089.85,"4/11/2024, 4:47:08 PM",6322595.54
508,636936.77,2650827.86,9685,121,19.18,-2013891.09,"4/11/2024, 4:47:51 PM",7088685.39
509,746753.71,140361.36,11677,10191,1.5,606392.35,"4/11/2024, 4:48:11 PM",5074794.3
510,792581.73,3829.89,10500,10500,1.04,788751.84,"4/11/2024, 4:48:28 PM",5681186.65
511,756895.29,204687.04,9742,8190,1.72,552208.25,"4/11/2024, 4:48:49 PM",6469938.49
512,955079.20,2253342.66,11553,1866,5.27,-1298263.46,"4/11/2024, 4:49:18 PM",7022146.74
513,992986.81,73114.02,12803,11945,1.28,919872.79,"4/11/2024, 4:49:37 PM",5723883.28
514,792823.07,3593548.88,11491,41,21.72,-2800725.81,"4/11/2024, 4:50:22 PM",6643756.07
515,726796.14,969572.80,11375,4394,3.48,-242776.66,"4/11/2024, 4:50:47 PM",3843030.26
516,734059.79,2538218.43,11314,319,26.67,-1804158.64,"4/11/2024, 4:51:35 PM",3600253.6
517,679423.75,2973562.06,11604,225,16.73,-2294138.31,"4/11/2024, 4:52:15 PM",1796094.96
518,839171.41,129435.27,12352,10879,1.51,709736.14,"4/11/2024, 4:52:35 PM",-498043.35
519,718667.01,868359.64,9676,4542,3.17,-149692.63,"4/11/2024, 4:53:00 PM",211692.79
520,967258.28,872226.84,12580,7108,2.42,95031.44,"4/11/2024, 4:53:23 PM",62000.16
521,858661.21,2619961.19,12643,1077,10.4,-1761299.98,"4/11/2024, 4:53:58 PM",157031.6
522,877516.27,658454.09,13467,8089,2.55,219062.18,"4/11/2024, 4:54:22 PM",-1604268.38
523,984538.97,95608.00,13108,12266,1.26,888930.97,"4/11/2024, 4:54:41 PM",-1385206.2
524,870028.15,513941.37,11445,7370,2.36,356086.78,"4/11/2024, 4:55:04 PM",-496275.23
525,1009512.33,2069685.26,14103,3130,4.57,-1060172.93,"4/11/2024, 4:55:31 PM",-140188.45
526,1063737.11,1106955.42,14553,7183,2.87,-43218.31,"4/11/2024, 4:55:56 PM",-1200361.38
527,988702.98,1734275.87,14126,4408,3.74,-745572.89,"4/11/2024, 4:56:22 PM",-1243579.69
528,1075896.58,365909.59,14645,11019,2.02,709986.99,"4/11/2024, 4:56:44 PM",-1989152.58
529,946866.03,3624290.42,13726,470,12.02,-2677424.39,"4/11/2024, 4:57:21 PM",-1279165.59
530,1047709.34,699411.08,14852,8741,2.56,348298.26,"4/11/2024, 4:57:45 PM",-3956589.98
531,1013981.04,0.00,10500,10500,1.02,1013981.04,"4/11/2024, 4:58:01 PM",-3608291.72
532,902521.75,1120083.34,12442,5621,3.28,-217561.59,"4/11/2024, 4:58:27 PM",-2594310.68
533,1100456.16,346175.42,15145,12021,1.91,754280.74,"4/11/2024, 4:58:48 PM",-2811872.27
534,1137019.93,403795.35,14837,11603,1.88,733224.58,"4/11/2024, 4:59:10 PM",-2057591.53
535,1213888.87,1145253.19,14657,7504,2.64,68635.68,"4/11/2024, 4:59:34 PM",-1324366.95
536,1235269.40,2108495.84,15599,4180,4.13,-873226.44,"4/11/2024, 5:00:01 PM",-1255731.27
537,1168607.22,236165.56,15516,13466,1.61,932441.66,"4/11/2024, 5:00:22 PM",-2128957.71
538,876940.06,518017.41,14169,9775,2.19,358922.65,"4/11/2024, 5:00:44 PM",-1196516.05
539,1226143.08,1253491.88,15500,7132,2.62,-27348.80,"4/11/2024, 5:01:09 PM",-837593.4
540,1179806.51,0.00,10500,10500,1,1179806.51,"4/11/2024, 5:01:24 PM",-864942.2
541,1237904.24,12932.74,14417,14311,1.13,1224971.50,"4/11/2024, 5:01:43 PM",314864.31
542,1082205.96,795955.60,12560,8141,2.38,286250.36,"4/11/2024, 5:02:06 PM",1539835.81
543,1277679.69,2801851.16,14774,1787,5.74,-1524171.47,"4/11/2024, 5:02:35 PM",1826086.17
544,1036944.72,3270352.04,15188,767,9.26,-2233407.32,"4/11/2024, 5:03:09 PM",301914.7
545,958952.99,0.00,10500,10500,1,958952.99,"4/11/2024, 5:03:25 PM",-1931492.62
546,1001406.34,752029.14,13537,7845,2.54,249377.20,"4/11/2024, 5:03:49 PM",-972539.63
547,1156123.10,186559.00,14947,13297,1.5,969564.10,"4/11/2024, 5:04:09 PM",-723162.43
548,1169574.31,115255.87,13853,12607,1.39,1054318.44,"4/11/2024, 5:04:29 PM",246401.67
549,1218059.60,45087.90,13464,13075,1.16,1172971.70,"4/11/2024, 5:04:47 PM",1300720.11
550,1113521.42,1205373.05,12378,6194,2.74,-91851.63,"4/11/2024, 5:05:11 PM",2473691.81
551,1333985.29,59057.92,14930,14423,1.36,1274927.37,"4/11/2024, 5:05:30 PM",2381840.18
552,1173741.62,253656.17,13195,10914,1.68,920085.45,"4/11/2024, 5:05:51 PM",3656767.55
553,1116058.32,2115145.12,12991,3122,4.21,-999086.80,"4/11/2024, 5:06:18 PM",4576853
554,1131888.28,3862433.76,14415,264,12.38,-2730545.48,"4/11/2024, 5:06:56 PM",3577766.2
555,984586.14,18352.09,13725,13552,1.2,966234.05,"4/11/2024, 5:07:14 PM",847220.72
556,845468.63,804810.98,11724,6104,2.53,40657.65,"4/11/2024, 5:07:37 PM",1813454.77
557,1124679.93,126546.14,13951,12835,1.33,998133.79,"4/11/2024, 5:07:57 PM",1854112.42
558,1092786.51,112814.11,12894,11866,1.29,979972.40,"4/11/2024, 5:08:16 PM",2852246.21
559,1041203.12,26184.01,12135,11812,1.13,1015019.11,"4/11/2024, 5:08:34 PM",3832218.61
560,1041344.14,21660.01,10500,10500,1.1,1019684.13,"4/11/2024, 5:08:51 PM",4847237.72
561,1012400.08,1216832.10,11066,5547,2.9,-204432.02,"4/11/2024, 5:09:16 PM",5866921.85
562,1293726.52,340947.95,13949,11518,1.66,952778.57,"4/11/2024, 5:09:37 PM",5662489.83
563,1111894.97,13316.44,10500,10500,1.09,1098578.53,"4/11/2024, 5:09:54 PM",6615268.4
564,969450.71,466157.01,10762,8031,2.04,503293.70,"4/11/2024, 5:10:16 PM",7713846.93
565,1092031.25,2934384.59,11958,1250,7.68,-1842353.34,"4/11/2024, 5:10:49 PM",8217140.63
566,1010198.91,15044.88,10500,10500,1.08,995154.03,"4/11/2024, 5:11:06 PM",6374787.29
567,955912.86,109145.11,10911,9810,1.59,846767.75,"4/11/2024, 5:11:27 PM",7369941.32
568,1080342.36,234002.95,10954,9004,1.54,846339.41,"4/11/2024, 5:11:47 PM",8216709.07
569,958101.27,3643488.54,10991,122,28.86,-2685387.27,"4/11/2024, 5:12:36 PM",9063048.48
570,898568.38,3095732.59,12230,869,8.58,-2197164.21,"4/11/2024, 5:13:09 PM",6377661.21
571,825249.52,669615.63,11690,5963,2.57,155633.89,"4/11/2024, 5:13:32 PM",4180497
572,752136.83,2672818.98,10490,44,33.27,-1920682.15,"4/11/2024, 5:14:24 PM",4336130.89
573,874629.86,557471.27,12183,7579,2.39,317158.59,"4/11/2024, 5:14:47 PM",2415448.74
574,873650.31,154110.94,11399,9357,1.55,719539.37,"4/11/2024, 5:15:08 PM",2732607.33
575,777406.81,128809.12,10169,8521,1.47,648597.69,"4/11/2024, 5:15:28 PM",3452146.7
576,814558.56,2345629.97,10552,904,10.11,-1531071.41,"4/11/2024, 5:16:02 PM",4100744.39
577,870117.21,3783017.43,13653,174,21.84,-2912900.22,"4/11/2024, 5:16:47 PM",2569672.98
578,924141.62,1842502.66,13232,2954,5.12,-918361.04,"4/11/2024, 5:17:15 PM",-343227.24
579,783406.81,3357539.06,12692,210,21.59,-2574132.25,"4/11/2024, 5:18:00 PM",-1261588.28
580,969574.86,109946.49,14277,12783,1.49,859628.37,"4/11/2024, 5:18:20 PM",-3835720.53
581,844453.02,60954.38,10978,10313,1.22,783498.64,"4/11/2024, 5:18:39 PM",-2976092.16
582,742702.37,1209515.54,10260,3360,3.87,-466813.17,"4/11/2024, 5:19:05 PM",-2192593.52
583,1081558.39,9181.42,10500,10500,1.07,1072376.97,"4/11/2024, 5:19:22 PM",-2659406.69
584,939131.65,1088170.53,13211,6157,3.09,-149038.88,"4/11/2024, 5:19:47 PM",-1587029.72
585,1035136.96,888312.23,14840,7766,2.76,146824.73,"4/11/2024, 5:20:11 PM",-1736068.6
586,1061395.04,152836.53,14955,13016,1.56,908558.51,"4/11/2024, 5:20:58 PM",-1080677.65
587,942300.31,2651730.91,13671,1104,8.56,-1709430.60,"4/11/2024, 5:21:31 PM",-172119.14
588,1061469.66,13198.22,10500,10500,1.09,1048271.44,"4/11/2024, 5:21:49 PM",-1881549.74
589,936073.32,190477.17,14180,12065,1.69,745596.15,"4/11/2024, 5:22:10 PM",-833278.3
590,1017133.34,4022711.99,14519,204,20.07,-3005578.65,"4/11/2024, 5:22:53 PM",-87682.15
591,926488.11,4039718.92,15488,220,22.09,-3113230.81,"4/11/2024, 5:23:38 PM",-3093260.8
592,983841.68,901949.09,14824,7946,2.97,81892.59,"4/11/2024, 5:24:03 PM",-6206491.61
593,850846.28,1108696.04,13212,4448,3.63,-257849.76,"4/11/2024, 5:24:29 PM",-6124599.02
594,992789.99,2363882.28,14918,1489,7.2,-1371092.29,"4/11/2024, 5:25:00 PM",-6382448.78
595,1028616.06,31652.22,15453,14969,1.25,996963.84,"4/11/2024, 5:25:20 PM",-7753541.07
596,836770.07,29870.13,12588,12073,1.18,806899.94,"4/11/2024, 5:25:38 PM",-6756577.23
597,850345.23,37450.90,12280,11678,1.24,812894.33,"4/11/2024, 5:25:57 PM",-5949677.29
598,925190.97,0.00,10500,10500,1.01,925190.97,"4/11/2024, 5:26:13 PM",-5136782.96
599,1045858.23,9591.08,10500,10500,1.05,1036267.15,"4/11/2024, 5:26:30 PM",-4211591.99
600,1024559.70,1343959.44,12905,6807,3.28,-319399.74,"4/11/2024, 5:26:55 PM",-3175324.84
601,1182724.77,620400.07,15900,11945,2.13,562324.70,"4/11/2024, 5:27:18 PM",-3494724.58
602,1175077.91,0.00,10500,10500,1.09,1175077.91,"4/11/2024, 5:27:36 PM",-2932399.88
603,1101100.29,221665.13,13571,11954,1.71,879435.16,"4/11/2024, 5:27:57 PM",-1757321.97
604,1153300.89,81419.40,14169,13229,1.34,1071881.49,"4/11/2024, 5:28:17 PM",-877886.81
605,1030896.93,2673182.16,12706,2010,6.61,-1642285.23,"4/11/2024, 5:28:47 PM",193994.68
606,1116632.70,2904771.44,15390,1794,6.7,-1788138.74,"4/11/2024, 5:29:18 PM",-1448290.55
607,1054498.03,73972.13,15268,14594,1.25,980525.90,"4/11/2024, 5:29:37 PM",-3236429.29
608,910144.11,632582.56,12640,8672,2.34,277561.55,"4/11/2024, 5:30:00 PM",-2255903.39
609,1091509.41,77210.84,14683,13985,1.22,1014298.57,"4/11/2024, 5:30:19 PM",-1978341.84
610,968858.62,1117151.21,13096,6608,2.99,-148292.59,"4/11/2024, 5:30:44 PM",-964043.27
611,1111421.61,440186.09,15296,11782,2,671235.52,"4/11/2024, 5:31:05 PM",-1112335.86
612,1060887.08,1533993.95,14472,5355,3.48,-473106.87,"4/11/2024, 5:31:31 PM",-441100.34
613,1047941.16,31699.44,15300,14925,1.16,1016241.72,"4/11/2024, 5:31:49 PM",-914207.21
614,865444.86,1305659.71,13213,5273,3.49,-440214.85,"4/11/2024, 5:32:15 PM",102034.51
615,1048805.54,302614.57,14481,11541,1.87,746190.97,"4/11/2024, 5:32:37 PM",-338180.34
616,1007681.16,76043.33,14017,13286,1.24,931637.83,"4/11/2024, 5:32:55 PM",408010.63
617,991369.67,17998.74,12618,12437,1.13,973370.93,"4/11/2024, 5:33:13 PM",1339648.46
618,921376.65,1217878.84,11713,5091,3.23,-296502.19,"4/11/2024, 5:33:39 PM",2313019.39
619,1108849.66,1363579.28,14359,6012,2.88,-254729.62,"4/11/2024, 5:34:03 PM",2016517.2
620,942494.81,365186.90,13823,10414,1.94,577307.91,"4/11/2024, 5:34:25 PM",1761787.58
621,896853.51,274322.58,12732,10044,1.73,622530.93,"4/11/2024, 5:34:46 PM",2339095.49
622,922213.09,50301.41,12627,11869,1.24,871911.68,"4/11/2024, 5:35:05 PM",2961626.42
623,887136.55,2410486.48,11592,955,8.34,-1523349.93,"4/11/2024, 5:35:38 PM",3833538.1
624,937760.76,1652435.93,14313,3926,3.84,-714675.17,"4/11/2024, 5:36:04 PM",2310188.17
625,902412.27,113713.44,13260,11939,1.48,788698.83,"4/11/2024, 5:36:24 PM",1595513
626,802802.58,170825.33,11618,9556,1.54,631977.25,"4/11/2024, 5:36:44 PM",2384211.83
627,796362.48,2233871.60,11691,905,11.36,-1437509.12,"4/11/2024, 5:37:20 PM",3016189.08
628,956699.66,66353.53,14513,13461,1.31,890346.13,"4/11/2024, 5:37:39 PM",1578679.96
629,930308.51,1622812.05,12201,3293,4.68,-692503.54,"4/11/2024, 5:38:07 PM",2469026.09
630,918634.36,1228544.01,13758,4863,3.22,-309909.65,"4/11/2024, 5:38:32 PM",1776522.55
631,894477.91,2686573.78,13595,816,9.62,-1792095.87,"4/11/2024, 5:39:07 PM",1466612.9
632,913868.51,77719.92,13929,12913,1.28,836148.59,"4/11/2024, 5:39:26 PM",-325482.97
633,800212.24,92957.74,11862,10961,1.23,707254.50,"4/11/2024, 5:39:44 PM",510665.62
634,827660.04,704032.61,11925,6510,2.55,123627.43,"4/11/2024, 5:40:08 PM",1217920.12
635,1097981.74,322042.42,14021,12712,1.33,775939.32,"4/11/2024, 5:40:49 PM",1341547.55
636,961245.17,1448202.18,13103,4186,3.6,-486957.01,"4/11/2024, 5:41:15 PM",2117486.87
637,1230714.20,93638.51,15099,14370,1.21,1137075.69,"4/11/2024, 5:41:33 PM",1630529.86
638,966036.70,2948939.64,13315,631,10.34,-1982902.94,"4/11/2024, 5:42:08 PM",2767605.55
639,991809.33,193364.62,14581,12334,1.54,798444.71,"4/11/2024, 5:42:29 PM",784702.61
640,957764.45,313686.80,13501,10118,1.84,644077.65,"4/11/2024, 5:42:50 PM",1583147.32
641,1050232.19,11444.54,10500,10500,1.04,1038787.65,"4/11/2024, 5:43:07 PM",2227224.97
642,961316.84,1091751.10,12947,6572,2.8,-130434.26,"4/11/2024, 5:43:31 PM",3266012.62
643,1179394.65,0.00,10500,10500,1.03,1179394.65,"4/11/2024, 5:43:48 PM",3135578.36
644,1035857.14,85575.63,13126,12048,1.41,950281.51,"4/11/2024, 5:44:08 PM",4314973.01
645,1007388.05,197382.33,12309,10517,1.58,810005.72,"4/11/2024, 5:44:28 PM",5265254.52
646,1084481.08,873392.81,12717,6960,2.48,211088.27,"4/11/2024, 5:44:52 PM",6075260.24
647,1071959.87,191888.09,13174,11318,1.48,880071.78,"4/11/2024, 5:45:12 PM",6286348.51
648,972117.69,1312782.93,11805,4301,3.33,-340665.24,"4/11/2024, 5:45:37 PM",7166420.29
649,997878.85,1680632.13,12788,3177,3.94,-682753.28,"4/11/2024, 5:46:04 PM",6825755.05
650,853509.11,2786743.43,12687,620,11.79,-1933234.32,"4/11/2024, 5:46:40 PM",6143001.77
651,821438.75,260629.44,12709,9725,2,560809.31,"4/11/2024, 5:47:03 PM",4209767.45
652,835289.10,130269.56,11816,10184,1.43,705019.54,"4/11/2024, 5:47:22 PM",4770576.76
653,695942.19,2502603.97,10808,499,20.65,-1806661.78,"4/11/2024, 5:48:06 PM",5475596.3
654,842906.16,88485.51,13155,11806,1.42,754420.65,"4/11/2024, 5:48:26 PM",3668934.52
655,733286.53,2387479.59,11470,586,20.87,-1654193.06,"4/11/2024, 5:49:09 PM",4423355.17
656,847681.77,250578.92,12699,9608,1.86,597102.85,"4/11/2024, 5:49:31 PM",2769162.11
657,851912.40,101332.22,12458,10834,1.4,750580.18,"4/11/2024, 5:49:50 PM",3366264.96
658,782325.26,2805685.34,11833,735,16.52,-2023360.08,"4/11/2024, 5:50:31 PM",4116845.14
659,918983.68,99489.56,13551,12183,1.34,819494.12,"4/11/2024, 5:50:51 PM",2093485.06
660,805541.85,2625699.09,12303,985,28,-1820157.24,"4/11/2024, 5:51:39 PM",2912979.18
661,896977.83,205594.67,13359,10575,1.71,691383.16,"4/11/2024, 5:52:00 PM",1092821.94
662,948278.26,303723.64,13164,9569,1.98,644554.62,"4/11/2024, 5:52:23 PM",1784205.1
663,1072306.71,1604078.20,14137,5702,3.24,-531771.49,"4/11/2024, 5:52:48 PM",2428759.72
664,1049734.32,84052.55,14703,13787,1.24,965681.77,"4/11/2024, 5:53:06 PM",1896988.23
665,1056133.70,84236.60,13984,13147,1.21,971897.10,"4/11/2024, 5:53:25 PM",2862670
666,897148.87,1404371.87,13217,4533,3.8,-507223.00,"4/11/2024, 5:53:51 PM",3834567.1
667,1222563.75,1302450.25,15100,7587,2.58,-79886.50,"4/11/2024, 5:54:15 PM",3327344.1
668,955823.27,3753750.97,14339,325,26.09,-2797927.70,"4/11/2024, 5:55:02 PM",3247457.6
669,947764.04,2739424.70,14017,1398,9.25,-1791660.66,"4/11/2024, 5:55:37 PM",449529.9
670,880096.91,1369879.92,13775,4523,3.71,-489783.01,"4/11/2024, 5:56:03 PM",-1342130.76
671,929792.74,6489.31,10500,10500,1.05,923303.43,"4/11/2024, 5:56:20 PM",-1831913.77
672,743543.62,1246162.88,11285,3495,4.14,-502619.26,"4/11/2024, 5:56:47 PM",-908610.34
673,1059576.46,778085.82,15126,8762,2.4,281490.64,"4/11/2024, 5:57:10 PM",-1411229.6
674,920785.09,3564229.71,14653,70,28.16,-2643444.62,"4/11/2024, 5:57:59 PM",-1129738.96
675,998935.51,18050.50,15552,15388,1.19,980885.01,"4/11/2024, 5:58:17 PM",-3773183.58
676,862973.77,1669980.78,13237,3440,4.69,-807007.01,"4/11/2024, 5:58:45 PM",-2792298.57
677,1029500.53,107383.06,15782,14367,1.33,922117.47,"4/11/2024, 5:59:05 PM",-3599305.58
678,1088540.52,0.00,10500,10500,1.04,1088540.52,"4/11/2024, 5:59:22 PM",-2677188.11
679,1009763.89,2927773.81,14378,1322,15.55,-1918009.92,"4/11/2024, 6:00:02 PM",-1588647.59
680,1079120.00,551406.27,16010,11631,2.1,527713.73,"4/11/2024, 6:00:24 PM",-3506657.51
681,568737.61,64823.73,15040,14310,1.19,503913.88,"4/11/2024, 6:00:43 PM",-2978943.78
682,1057838.86,107283.56,14333,13021,1.38,950555.30,"4/11/2024, 6:01:03 PM",-2475029.9
683,1163174.58,18107.07,14950,14818,1.3,1145067.51,"4/11/2024, 6:01:22 PM",-1524474.6
684,1140298.43,9756.88,10500,10500,1.05,1130541.55,"4/11/2024, 6:01:40 PM",-379407.09
685,1194183.55,59119.75,14296,13897,1.15,1135063.80,"4/11/2024, 6:01:58 PM",751134.46
686,1030900.65,1527418.01,13227,6843,3.44,-496517.36,"4/11/2024, 6:02:24 PM",1886198.26
687,1344778.35,446005.17,15838,12865,1.82,898773.18,"4/11/2024, 6:02:45 PM",1389680.9
688,1226479.51,14837.43,10500,10500,1.1,1211642.08,"4/11/2024, 6:03:03 PM",2288454.08
689,1009427.62,136048.33,13198,11591,1.7,873379.29,"4/11/2024, 6:03:24 PM",3500096.16
690,1095918.33,85221.61,13426,12319,1.32,1010696.72,"4/11/2024, 6:03:43 PM",4373475.45
691,967048.00,147963.97,12172,10307,1.63,819084.03,"4/11/2024, 6:04:04 PM",5384172.17
692,977835.99,1727692.55,12046,4162,4.14,-749856.56,"4/11/2024, 6:04:31 PM",6203256.2
693,914020.99,3018071.07,13594,1402,9.61,-2104050.08,"4/11/2024, 6:05:05 PM",5453399.64
694,890590.18,14040.69,13790,13639,1.13,876549.49,"4/11/2024, 6:05:23 PM",3349349.56
695,663307.83,2773408.44,11762,496,12.89,-2110100.61,"4/11/2024, 6:06:00 PM",4225899.05
696,824354.78,0.00,10500,10500,1.01,824354.78,"4/11/2024, 6:06:17 PM",2115798.44
697,780418.95,0.00,10500,10500,1,780418.95,"4/11/2024, 6:06:33 PM",2940153.22
698,1001063.52,63964.99,12575,12233,1.16,937098.53,"4/11/2024, 6:06:51 PM",3720572.17
699,842945.18,2076932.12,11784,2546,6.74,-1233986.94,"4/11/2024, 6:07:22 PM",4657670.7
700,935352.89,2868943.84,14097,1090,22.19,-1933590.95,"4/11/2024, 6:08:07 PM",3423683.76
701,917927.07,64749.07,13062,12457,1.19,853178.00,"4/11/2024, 6:08:26 PM",1490092.81
702,755587.58,2850066.52,11343,389,16.85,-2094478.94,"4/11/2024, 6:09:07 PM",2343270.81
703,858396.28,273370.31,12996,10513,1.86,585025.97,"4/11/2024, 6:09:29 PM",248791.87
704,852633.33,1791767.07,12786,3598,4.87,-939133.74,"4/11/2024, 6:09:57 PM",833817.84
705,894226.20,346239.83,14056,10468,2.01,547986.37,"4/11/2024, 6:10:19 PM",-105315.9
706,914836.22,60669.66,14069,13074,1.28,854166.56,"4/11/2024, 6:10:38 PM",442670.47
707,853967.78,194337.25,12716,10463,1.75,659630.53,"4/11/2024, 6:11:00 PM",1296837.03
708,1004130.82,1296776.15,14119,6054,3.29,-292645.33,"4/11/2024, 6:11:25 PM",1956467.56
709,1055888.75,0.00,10500,10500,1.01,1055888.75,"4/11/2024, 6:11:41 PM",1663822.23
710,992897.96,32913.87,13767,13294,1.37,959984.09,"4/11/2024, 6:12:01 PM",2719710.98
711,1073658.58,1839939.22,13798,5033,3.89,-766280.64,"4/11/2024, 6:12:28 PM",3679695.07
712,1095389.91,0.00,0,0,1.16,1095389.91,"4/11/2024, 6:12:46 PM",2913414.43
713,1011872.20,455162.63,13659,10252,2.16,556709.57,"4/11/2024, 6:13:08 PM",4008804.34
714,1188184.58,508344.99,14261,10896,1.97,679839.59,"4/11/2024, 6:13:31 PM",4565513.91
715,1206620.86,2493400.76,14265,3337,4.96,-1286779.90,"4/11/2024, 6:13:59 PM",5245353.5
716,1033083.52,194265.31,14396,12127,1.67,838818.21,"4/11/2024, 6:14:20 PM",3958573.6
717,1007078.10,495634.85,13801,9169,2.25,511443.25,"4/11/2024, 6:14:43 PM",4797391.81
718,1155997.73,240381.68,14079,11651,1.64,915616.05,"4/11/2024, 6:15:04 PM",5308835.06
719,1079933.92,0.00,10500,10500,1.01,1079933.92,"4/11/2024, 6:15:20 PM",6224451.11
720,1019953.16,1364832.99,12851,5779,3.38,-344879.83,"4/11/2024, 6:15:45 PM",7304385.03
721,977961.78,3239473.45,13530,594,15.74,-2261511.67,"4/11/2024, 6:16:25 PM",6959505.2
722,855050.43,1063950.12,13230,5966,3.18,-208899.69,"4/11/2024, 6:16:51 PM",4697993.53
723,899872.68,17446.32,12676,12216,1.16,882426.36,"4/11/2024, 6:17:09 PM",4489093.84
724,795913.13,2083507.05,11371,1334,7.7,-1287593.92,"4/11/2024, 6:17:41 PM",5371520.2
725,983474.32,276607.24,13539,10530,1.87,706867.08,"4/11/2024, 6:18:02 PM",4083926.28
726,965833.87,194193.18,13016,10863,1.58,771640.69,"4/11/2024, 6:18:23 PM",4790793.36
727,931640.44,450665.97,12678,8718,2.15,480974.47,"4/11/2024, 6:18:45 PM",5562434.05
728,1129359.59,22507.65,10500,10500,1.04,1106851.94,"4/11/2024, 6:19:02 PM",6043408.52
729,943906.79,1905276.75,13117,3499,4.55,-961369.96,"4/11/2024, 6:19:30 PM",7150260.46
730,995689.20,36721.51,14387,13886,1.26,958967.69,"4/11/2024, 6:19:49 PM",6188890.5
731,922516.94,2425208.90,12934,1467,7.06,-1502691.96,"4/11/2024, 6:20:20 PM",7147858.19
732,975410.73,69496.92,13178,12271,1.27,905913.81,"4/11/2024, 6:21:00 PM",6578201.53
733,853179.85,3231749.32,12658,312,13.07,-2378569.47,"4/11/2024, 6:21:38 PM",7484115.34
734,885994.60,32844.61,10500,10500,1.12,853149.99,"4/11/2024, 6:21:56 PM",5105545.87
735,875566.04,96895.45,12265,10992,1.41,778670.59,"4/11/2024, 6:22:15 PM",5958695.86
736,1016425.47,47104.88,12667,12216,1.17,969320.59,"4/11/2024, 6:22:34 PM",6737366.45
737,916042.73,382670.80,12462,9396,2.13,533371.93,"4/11/2024, 6:22:56 PM",7706687.04
738,1148129.90,1665562.47,13885,5390,3.42,-517432.57,"4/11/2024, 6:23:22 PM",8240058.97
739,973955.78,66464.77,13569,12909,1.3,907491.01,"4/11/2024, 6:23:41 PM",7722626.4
740,965445.04,27159.53,12628,12274,1.13,938285.51,"4/11/2024, 6:23:59 PM",8630117.41
741,924192.61,34335.98,11857,11391,1.2,889856.63,"4/11/2024, 6:24:18 PM",9568402.92
742,941486.70,1859079.09,11367,3555,4.41,-917592.39,"4/11/2024, 6:24:45 PM",10458259.55
743,1041298.37,0.00,10500,10500,1,1041298.37,"4/11/2024, 6:25:01 PM",9540667.16
744,1066773.37,149895.82,12152,11022,1.44,916877.55,"4/11/2024, 6:25:21 PM",10581965.53
745,898013.95,3528673.72,11515,343,15.9,-2630659.77,"4/11/2024, 6:26:01 PM",11498843.08
746,854684.00,2103566.65,11946,1670,6.27,-1248882.65,"4/11/2024, 6:26:31 PM",8868183.31
747,783707.21,113075.40,11511,10218,1.39,670631.81,"4/11/2024, 6:26:51 PM",7619300.66
748,639964.09,1609762.05,10026,1629,5.88,-969797.96,"4/11/2024, 6:27:21 PM",8289932.47
749,805152.20,2203814.63,11962,1423,6.65,-1398662.43,"4/11/2024, 6:27:52 PM",7320134.51
750,777734.97,235218.32,12025,9225,1.92,542516.65,"4/11/2024, 6:28:13 PM",5921472.08
751,813766.93,201171.65,11190,8926,1.65,612595.28,"4/11/2024, 6:28:34 PM",6463988.73
752,793788.02,2220475.11,11432,1160,7.91,-1426687.09,"4/11/2024, 6:29:06 PM",7076584.01
753,849186.14,35886.27,13035,12594,1.16,813299.87,"4/11/2024, 6:29:24 PM",5649896.92
754,766343.12,1053024.72,11557,5178,3.4,-286681.60,"4/11/2024, 6:29:50 PM",6463196.79
755,876515.79,1927897.30,13217,2537,5.2,-1051381.51,"4/11/2024, 6:30:19 PM",6176515.19
756,849226.29,52543.80,13088,12286,1.23,796682.49,"4/11/2024, 6:30:38 PM",5125133.68
757,815823.48,65419.65,11911,10952,1.3,750403.83,"4/11/2024, 6:30:57 PM",5921816.17
758,770915.86,2090563.27,12213,1907,5.81,-1319647.41,"4/11/2024, 6:31:26 PM",6672220
759,953584.84,788187.49,13538,7902,2.56,165397.35,"4/11/2024, 6:31:50 PM",5352572.59
760,923984.65,129083.93,12947,11569,1.38,794900.72,"4/11/2024, 6:32:09 PM",5517969.94
761,904607.19,66720.42,12364,11460,1.28,837886.77,"4/11/2024, 6:32:28 PM",6312870.66
762,907604.37,262612.48,12643,10246,1.86,644991.89,"4/11/2024, 6:32:50 PM",7150757.43
763,1149432.50,404256.26,14050,11192,1.99,745176.24,"4/11/2024, 6:33:12 PM",7795749.32
764,1270304.54,2966.40,10500,10500,1.06,1267338.14,"4/11/2024, 6:33:29 PM",8540925.56
765,1193121.25,60699.66,12859,12445,1.17,1132421.59,"4/11/2024, 6:33:47 PM",9808263.7
766,956015.08,5906.59,10500,10500,1.04,950108.49,"4/11/2024, 6:34:04 PM",10940685.29
767,1023754.10,512456.48,11097,8671,2.18,511297.62,"4/11/2024, 6:34:27 PM",11890793.78
768,1200479.37,6961.71,10500,10500,1.04,1193517.66,"4/11/2024, 6:34:44 PM",12402091.4
769,916519.12,0.00,10500,10500,1.11,916519.12,"4/11/2024, 6:35:02 PM",13595609.06
770,806199.94,2309505.28,8915,1679,6.88,-1503305.34,"4/11/2024, 6:35:33 PM",14512128.18
771,864626.00,1438716.11,10920,3234,4.32,-574090.11,"4/11/2024, 6:36:00 PM",13008822.84
772,837145.47,1712089.86,10858,2161,5.19,-874944.39,"4/11/2024, 6:36:29 PM",12434732.73
773,715669.86,65401.56,10738,9740,1.36,650268.30,"4/11/2024, 6:36:48 PM",11559788.34
774,741259.61,0.00,10500,10500,1,741259.61,"4/11/2024, 6:37:04 PM",12210056.64
775,836383.82,125116.98,10190,8941,1.62,711266.84,"4/11/2024, 6:37:25 PM",12951316.25
776,896906.74,175734.33,10343,8717,1.59,721172.41,"4/11/2024, 6:37:45 PM",13662583.09
777,907752.37,1590583.71,10340,3420,3.83,-682831.34,"4/11/2024, 6:38:12 PM",14383755.5
778,804131.68,2936224.69,11785,694,8.64,-2132093.01,"4/11/2024, 6:38:45 PM",13700924.16
779,817267.14,8371.47,11309,11289,1.21,808895.67,"4/11/2024, 6:39:04 PM",11568831.15
780,766289.02,77063.32,9611,8412,1.44,689225.70,"4/11/2024, 6:39:24 PM",12377726.82
781,796267.33,28423.17,9979,9463,1.25,767844.16,"4/11/2024, 6:39:42 PM",13066952.52
782,856645.81,336507.18,10031,7424,2.14,520138.63,"4/11/2024, 6:40:05 PM",13834796.68
783,1059082.94,499174.22,11750,8284,2.04,559908.72,"4/11/2024, 6:40:27 PM",14354935.31
784,897350.48,2888809.24,11333,934,7.3,-1991458.76,"4/11/2024, 6:40:59 PM",14914844.03
785,833317.49,447516.82,11667,7791,2.28,385800.67,"4/11/2024, 6:41:22 PM",12923385.27
786,693695.11,2857843.56,10796,140,22.41,-2164148.45,"4/11/2024, 6:42:07 PM",13309185.94
787,817866.82,60615.90,11427,10451,1.33,757250.92,"4/11/2024, 6:42:26 PM",11145037.49
788,819894.69,0.00,10500,10500,1.05,819894.69,"4/11/2024, 6:42:43 PM",11902288.41
789,767102.22,1163404.61,9401,3959,3.45,-396302.39,"4/11/2024, 6:43:09 PM",12722183.1
790,1009096.40,179661.09,12180,10509,1.49,829435.31,"4/11/2024, 6:43:29 PM",12325880.71
791,947795.04,790451.92,11282,6253,2.5,157343.12,"4/11/2024, 6:43:52 PM",13155316.02
792,981191.66,77336.02,11801,10635,1.35,903855.64,"4/11/2024, 6:44:11 PM",13312659.14
793,1003596.65,13899.40,11289,11168,1.25,989697.25,"4/11/2024, 6:44:30 PM",14216514.78
794,941835.10,113652.58,10476,9220,1.42,828182.52,"4/11/2024, 6:44:50 PM",15206212.03
795,939598.19,1033580.90,10573,5159,2.9,-93982.71,"4/11/2024, 6:45:14 PM",16034394.55
796,1026746.15,872003.01,11880,5923,2.57,154743.14,"4/11/2024, 6:45:38 PM",15940411.84
797,958300.74,26876.98,10500,10500,1.1,931423.76,"4/11/2024, 6:45:56 PM",16095154.98
798,807759.79,69964.99,9576,9111,1.18,737794.80,"4/11/2024, 6:46:14 PM",17026578.74
799,790774.38,595311.21,9171,5576,2.41,195463.17,"4/11/2024, 6:46:37 PM",17764373.54
800,988699.58,237784.27,10921,8860,1.63,750915.31,"4/11/2024, 6:46:57 PM",17959836.71
801,903952.53,38781.80,10024,9492,1.19,865170.73,"4/11/2024, 6:47:16 PM",18710752.02
802,906058.55,62090.73,8821,8107,1.23,843967.82,"4/11/2024, 6:47:35 PM",19575922.75
803,882244.08,0.00,10500,10500,1,882244.08,"4/11/2024, 6:47:50 PM",20419890.57
804,960455.27,1576390.98,8915,3308,3.84,-615935.71,"4/11/2024, 6:48:16 PM",21302134.65
805,962839.64,434045.84,9848,6980,2.04,528793.80,"4/11/2024, 6:48:39 PM",20686198.94
806,854764.99,103236.33,9228,8324,1.28,751528.66,"4/11/2024, 6:48:58 PM",21214992.74
807,703975.44,1151678.26,7792,2798,3.59,-447702.82,"4/11/2024, 6:49:24 PM",21966521.4
808,895049.43,198247.51,9365,7509,1.67,696801.92,"4/11/2024, 6:49:44 PM",21518818.58
809,722848.08,3295299.49,8653,66,28.19,-2572451.41,"4/11/2024, 6:50:33 PM",22215620.5
810,739472.07,1123742.61,9541,3131,3.58,-384270.54,"4/11/2024, 6:50:59 PM",19643169.09
811,785457.63,428618.14,9053,5429,2.17,356839.49,"4/11/2024, 6:51:21 PM",19258898.55
812,649737.30,83895.92,8582,7535,1.3,565841.38,"4/11/2024, 6:51:41 PM",19615738.04
813,666399.13,375419.72,7793,4971,2.13,290979.41,"4/11/2024, 6:52:03 PM",20181579.42
814,873491.32,69875.25,9668,9197,1.16,803616.07,"4/11/2024, 6:52:21 PM",20472558.83
815,756605.94,1588585.56,8769,1391,5.47,-831979.62,"4/11/2024, 6:52:50 PM",21276174.9
816,746268.68,2981827.43,10397,84,20.12,-2235558.75,"4/11/2024, 6:53:33 PM",20444195.28
817,677649.92,2058016.02,9793,897,7.6,-1380366.10,"4/11/2024, 6:54:05 PM",18208636.53
818,820318.38,471067.90,9977,6266,2.19,349250.48,"4/11/2024, 6:54:28 PM",16828270.43
819,580935.38,1462341.20,8541,982,6.14,-881405.82,"4/11/2024, 6:54:58 PM",17177520.91
820,693274.46,762239.33,10231,4637,2.93,-68964.87,"4/11/2024, 6:55:23 PM",16296115.09
821,843707.99,142356.23,10489,8625,1.52,701351.76,"4/11/2024, 6:55:43 PM",16227150.22
822,722550.63,1168620.89,9309,2991,3.6,-446070.26,"4/11/2024, 6:56:09 PM",16928501.98
823,894117.09,12729.50,10500,10500,1.1,881387.59,"4/11/2024, 6:56:26 PM",16482431.72
824,886979.96,769987.63,10116,5204,2.7,116992.33,"4/11/2024, 6:56:51 PM",17363819.31
825,941729.63,1003724.76,11656,4856,2.87,-61995.13,"4/11/2024, 6:57:15 PM",17480811.64
826,973088.71,13206.23,10500,10500,1.08,959882.48,"4/11/2024, 6:57:32 PM",17418816.51
827,864173.68,1629041.37,10814,3235,3.91,-764867.69,"4/11/2024, 6:57:59 PM",18378698.99
828,915559.21,27233.05,12034,11885,1.13,888326.16,"4/11/2024, 6:58:17 PM",17613831.3
829,852459.38,1136941.15,11243,4796,3.02,-284481.77,"4/11/2024, 6:58:41 PM",18502157.46
830,927087.09,257209.26,11610,8983,1.86,669877.83,"4/11/2024, 6:59:03 PM",18217675.69
831,1020701.31,145734.20,11511,9817,1.51,874967.11,"4/11/2024, 6:59:23 PM",18887553.52
832,987750.92,12166.60,10877,10760,1.16,975584.32,"4/11/2024, 6:59:42 PM",19762520.63
833,933309.84,62312.24,10217,9353,1.33,870997.60,"4/11/2024, 7:00:01 PM",20738104.95
834,921276.95,1383961.12,9843,3490,3.56,-462684.17,"4/11/2024, 7:00:27 PM",21609102.55
835,238268.77,929543.56,11544,5438,2.56,-691274.79,"4/11/2024, 7:00:50 PM",21146418.38
836,914090.24,70782.63,11098,10101,1.3,843307.61,"4/11/2024, 7:01:09 PM",20455143.59
837,819521.69,1863909.85,9735,1108,6.32,-1044388.16,"4/11/2024, 7:01:40 PM",21298451.2
838,831923.30,1303553.84,11247,2844,3.93,-471630.54,"4/11/2024, 7:02:06 PM",20254063.04
839,645158.22,3327846.14,10830,149,20.88,-2682687.92,"4/11/2024, 7:02:50 PM",19782432.5
840,756341.59,1093538.63,10960,3847,3.54,-337197.04,"4/11/2024, 7:03:16 PM",17099744.58
841,729782.42,38219.50,10214,9589,1.2,691562.92,"4/11/2024, 7:03:34 PM",16762547.54
842,576164.29,1566491.17,8729,713,7.42,-990326.88,"4/11/2024, 7:04:06 PM",17454110.46
843,774122.31,150235.67,11385,9425,1.58,623886.64,"4/11/2024, 7:04:26 PM",16463783.58
844,797416.41,1131045.22,10645,3514,3.52,-333628.81,"4/11/2024, 7:04:52 PM",17087670.22
845,808197.54,295065.54,11363,8161,1.93,513132.00,"4/11/2024, 7:05:14 PM",16754041.41
846,829819.76,122421.39,11607,10111,1.41,707398.37,"4/11/2024, 7:05:33 PM",17267173.41
847,792279.99,104212.61,10333,8964,1.41,688067.38,"4/11/2024, 7:05:53 PM",17974571.78
848,873410.30,1569911.29,10841,2717,4.02,-696500.99,"4/11/2024, 7:06:20 PM",18662639.16
849,995211.96,1402728.11,12600,3700,3.42,-407516.15,"4/11/2024, 7:06:45 PM",17966138.17
850,934872.00,415510.58,12142,8463,2,519361.42,"4/11/2024, 7:07:07 PM",17558622.02
851,837786.74,1723858.08,11270,1583,5.48,-886071.34,"4/11/2024, 7:07:36 PM",18077983.44
852,840829.11,0.00,10500,10500,1.03,840829.11,"4/11/2024, 7:07:53 PM",17191912.1
853,823359.58,154030.94,10927,9253,1.6,669328.64,"4/11/2024, 7:08:14 PM",18032741.21
854,842821.77,1791482.65,11287,1665,4.96,-948660.88,"4/11/2024, 7:08:42 PM",18702069.85
855,848532.71,2066485.56,12811,1401,6.14,-1217952.85,"4/11/2024, 7:09:12 PM",17753408.97
856,883500.33,370714.53,12315,8666,2.04,512785.80,"4/11/2024, 7:09:34 PM",16535456.12
857,857488.13,107776.56,11310,10198,1.31,749711.57,"4/11/2024, 7:09:53 PM",17048241.92
858,786047.17,0.00,10500,10500,1.03,786047.17,"4/11/2024, 7:10:10 PM",17797953.49
859,924694.94,31496.30,11339,10990,1.15,893198.64,"4/11/2024, 7:10:28 PM",18584000.66
860,925538.85,593007.52,10692,7407,2.2,332531.33,"4/11/2024, 7:10:51 PM",19477199.3
861,1142435.52,119102.75,12620,11598,1.32,1023332.77,"4/11/2024, 7:11:10 PM",19809730.63
862,1082857.54,239391.37,11391,9444,1.62,843466.17,"4/11/2024, 7:11:31 PM",20833063.4
863,1074850.70,34296.53,11224,10864,1.15,1040554.17,"4/11/2024, 7:11:49 PM",21676529.57
864,973416.97,710648.42,10215,6019,2.48,262768.55,"4/11/2024, 7:12:12 PM",22717083.74
865,1084031.29,827463.25,11814,6367,2.33,256568.04,"4/11/2024, 7:12:35 PM",22979852.29
866,978730.95,2065039.92,11226,1690,5.31,-1086308.97,"4/11/2024, 7:13:04 PM",23236420.33
867,936336.20,256220.89,11669,9029,1.78,680115.31,"4/11/2024, 7:13:26 PM",22150111.36
868,860496.08,207616.48,10438,8377,1.54,652879.60,"4/11/2024, 7:13:46 PM",22830226.67
869,769350.20,1846609.70,10085,1221,5.64,-1077259.50,"4/11/2024, 7:14:15 PM",23483106.27
870,915733.11,1477214.58,11938,2775,3.94,-561481.47,"4/11/2024, 7:14:42 PM",22405846.77
871,881924.42,224947.55,11366,9254,1.72,656976.87,"4/11/2024, 7:15:03 PM",21844365.3
872,708491.43,1038983.84,10002,3032,3.46,-330492.41,"4/11/2024, 7:15:28 PM",22501342.17
873,936416.63,38551.72,11578,11195,1.15,897864.91,"4/11/2024, 7:15:46 PM",22170849.76
874,868923.98,35927.20,10202,9690,1.18,832996.78,"4/11/2024, 7:16:05 PM",23068714.67
875,847882.63,684287.46,9792,5402,2.45,163595.17,"4/11/2024, 7:16:28 PM",23901711.45
876,1076734.08,227353.93,11849,9877,1.52,849380.15,"4/11/2024, 7:16:48 PM",24065306.62
877,918877.96,68359.32,10773,9906,1.24,850518.64,"4/11/2024, 7:17:07 PM",24914686.77
878,935819.38,6169.65,10500,10500,1.03,929649.73,"4/11/2024, 7:17:24 PM",25765205.41
879,912422.21,231847.52,9221,7616,1.68,680574.69,"4/11/2024, 7:17:45 PM",26694855.14
880,1090172.19,333874.32,9694,7332,1.68,756297.87,"4/11/2024, 7:18:05 PM",27375429.83
881,1030059.91,0.00,0,0,1.21,1030059.91,"4/11/2024, 7:18:24 PM",28131727.7
882,920750.62,414722.43,8007,5586,2.02,506028.19,"4/11/2024, 7:18:46 PM",29161787.61
883,949935.49,1842348.51,9066,1609,5.36,-892413.02,"4/11/2024, 7:19:15 PM",29667815.8
884,843965.45,196638.87,9896,8211,1.49,647326.58,"4/11/2024, 7:19:35 PM",28775402.78
885,850209.08,541628.70,8804,5012,2.24,308580.38,"4/11/2024, 7:19:58 PM",29422729.36
886,931366.50,988911.25,9400,3287,2.97,-57544.75,"4/11/2024, 7:20:22 PM",29731309.74
887,706263.90,1329102.34,8172,1992,3.99,-622838.44,"4/11/2024, 7:21:07 PM",30384821.52
888,893791.60,1558232.31,9623,1939,3.91,-664440.71,"4/11/2024, 7:21:34 PM",29761983.08
889,832782.73,78254.68,9777,8722,1.28,754528.05,"4/11/2024, 7:21:53 PM",29097542.37
890,742900.68,387845.09,8362,5332,2.05,355055.59,"4/11/2024, 7:22:15 PM",29852070.42
891,938877.28,170593.82,9659,7821,1.46,768283.46,"4/11/2024, 7:22:35 PM",30207126.01
892,703175.80,2000979.75,8694,799,6.6,-1297803.95,"4/11/2024, 7:23:05 PM",30975409.47
893,794430.27,581192.25,10084,5128,2.37,213238.02,"4/11/2024, 7:23:28 PM",29677605.52
894,726933.36,178002.79,9320,7002,1.57,548930.57,"4/11/2024, 7:23:49 PM",29890843.54
895,718725.81,311669.39,8872,5985,1.81,407056.42,"4/11/2024, 7:24:10 PM",30439774.11
896,796949.75,0.00,10500,10500,1,796949.75,"4/11/2024, 7:24:26 PM",30846830.53
897,895909.99,95554.81,9636,8621,1.34,800355.18,"4/11/2024, 7:24:45 PM",31643780.28
898,771071.15,1624619.96,8708,1635,4.85,-853548.81,"4/11/2024, 7:25:13 PM",32444135.46
899,856932.27,37670.32,10368,9854,1.19,819261.95,"4/11/2024, 7:25:32 PM",31590586.65
900,695669.18,35353.67,8659,8197,1.15,660315.51,"4/11/2024, 7:25:50 PM",32409848.6
901,739128.68,823947.04,7792,3247,2.94,-84818.36,"4/11/2024, 7:26:14 PM",33070164.11
902,898492.86,1357489.35,9203,2311,3.39,-458996.49,"4/11/2024, 7:26:40 PM",32985345.75
903,647570.30,1914925.66,8951,335,18.83,-1267355.36,"4/11/2024, 7:27:22 PM",32526349.26
904,627146.60,2276082.22,9377,445,30.43,-1648935.62,"4/11/2024, 7:28:12 PM",31258993.9
905,779226.08,206768.99,9403,7111,1.98,572457.09,"4/11/2024, 7:28:34 PM",29610058.28
906,677271.53,96533.53,8008,6543,1.41,580738.00,"4/11/2024, 7:28:54 PM",30182515.37
907,643403.28,0.00,10500,10500,1.04,643403.28,"4/11/2024, 7:29:11 PM",30763253.37
908,678243.08,79942.50,7827,6868,1.33,598300.58,"4/11/2024, 7:29:30 PM",31406656.65
909,808839.86,0.00,10500,10500,1.02,808839.86,"4/11/2024, 7:29:46 PM",32004957.23
910,678352.36,1213706.43,8177,2222,3.86,-535354.07,"4/11/2024, 7:30:13 PM",32813797.09
911,950726.01,822787.94,10345,4823,2.49,127938.07,"4/11/2024, 7:30:36 PM",32278443.02
912,764564.16,2588293.35,9688,283,11.23,-1823729.19,"4/11/2024, 7:31:12 PM",32406381.09
913,898937.49,127456.80,10360,9236,1.42,771480.69,"4/11/2024, 7:31:32 PM",30582651.9
914,756467.89,424664.87,8392,5049,2.21,331803.02,"4/11/2024, 7:31:54 PM",31354132.59
915,905417.33,11209.38,10500,10500,1.07,894207.95,"4/11/2024, 7:32:12 PM",31685935.61
916,736329.19,1663775.01,8834,2047,4.19,-927445.82,"4/11/2024, 7:32:39 PM",32580143.56
917,924485.99,143484.94,10646,9077,1.47,781001.05,"4/11/2024, 7:32:59 PM",31652697.74
918,918921.07,252443.13,9666,7684,1.65,666477.94,"4/11/2024, 7:33:19 PM",32433698.79
919,948922.57,960848.46,9637,4145,2.72,-11925.89,"4/11/2024, 7:33:43 PM",33100176.73
920,917798.35,1501360.43,10514,2556,3.61,-583562.08,"4/11/2024, 7:34:09 PM",33088250.84
921,859499.56,250413.05,10296,7803,1.73,609086.51,"4/11/2024, 7:34:30 PM",32504688.76
922,768140.19,33272.60,9440,9097,1.13,734867.59,"4/11/2024, 7:34:48 PM",33113775.27
923,782169.70,14379.33,10500,10500,1.06,767790.37,"4/11/2024, 7:35:06 PM",33848642.86
924,824682.75,0.00,10500,10500,1.04,824682.75,"4/11/2024, 7:35:22 PM",34616433.23
925,816069.49,171323.97,8075,6854,1.65,644745.52,"4/11/2024, 7:35:43 PM",35441115.98
926,940205.86,0.00,10500,10500,1.05,940205.86,"4/11/2024, 7:36:00 PM",36085861.5
927,825640.96,0.00,10500,10500,1.01,825640.96,"4/11/2024, 7:36:16 PM",37026067.36
928,815363.09,0.00,10500,10500,1.12,815363.09,"4/11/2024, 7:36:34 PM",37851708.32
929,692701.24,183417.42,5947,4873,1.79,509283.82,"4/11/2024, 7:36:55 PM",38667071.41
930,820227.59,672861.43,7081,3978,2.36,147366.16,"4/11/2024, 7:37:18 PM",39176355.23
931,817917.04,563278.67,7861,4120,2.29,254638.37,"4/11/2024, 7:37:40 PM",39323721.39
932,795278.22,668726.83,7699,3346,2.54,126551.39,"4/11/2024, 7:38:04 PM",39578359.76
933,827163.39,277254.32,7821,5705,1.97,549909.07,"4/11/2024, 7:38:26 PM",39704911.15
934,703057.84,814900.62,7287,2331,3.27,-111842.78,"4/11/2024, 7:38:51 PM",40254820.22
935,613431.28,2753579.71,8152,189,34.46,-2140148.43,"4/11/2024, 7:39:43 PM",40142977.44
936,747035.26,350125.79,8714,6045,2.04,396909.47,"4/11/2024, 7:40:05 PM",38002829.01
937,647877.79,47674.63,7513,6675,1.28,600203.16,"4/11/2024, 7:40:24 PM",38399738.48
938,276257.94,442349.63,6264,3229,2.33,-166091.69,"4/11/2024, 7:40:47 PM",38999941.64
939,824720.67,0.00,10500,10500,1.05,824720.67,"4/11/2024, 7:41:04 PM",38833849.95
940,704521.62,9577.51,10500,10500,1.08,694944.11,"4/11/2024, 7:41:22 PM",39658570.62
941,679341.70,116276.55,6027,4893,1.72,563065.15,"4/11/2024, 7:41:42 PM",40353514.73
942,835874.67,402641.67,7268,4214,2.05,433233.00,"4/11/2024, 7:42:05 PM",40916579.88
943,791974.08,760301.33,7991,3300,2.39,31672.75,"4/11/2024, 7:42:28 PM",41349812.88
944,730806.56,279548.56,8299,5771,1.76,451258.00,"4/11/2024, 7:42:49 PM",41381485.63
945,716520.72,73066.39,7503,6478,1.37,643454.33,"4/11/2024, 7:43:08 PM",41832743.63
946,684040.33,106204.65,6504,5247,1.46,577835.68,"4/11/2024, 7:43:28 PM",42476197.96
947,718530.60,231010.33,6391,4258,1.78,487520.27,"4/11/2024, 7:43:49 PM",43054033.64
948,748812.27,860054.98,7019,2545,2.62,-111242.71,"4/11/2024, 7:44:13 PM",43541553.91
949,805474.94,994838.48,8035,2092,3.09,-189363.54,"4/11/2024, 7:44:37 PM",43430311.2
950,714627.13,1160461.32,8251,1545,4.08,-445834.19,"4/11/2024, 7:45:04 PM",43240947.66
951,720121.53,1248863.87,8435,1260,4.98,-528742.34,"4/11/2024, 7:45:32 PM",42795113.47
952,647093.27,1379169.72,8708,1541,4.73,-732076.45,"4/11/2024, 7:46:00 PM",42266371.13
953,713608.16,1282420.19,8833,1914,4.23,-568812.03,"4/11/2024, 7:46:27 PM",41534294.68
954,720185.04,39433.51,9033,8391,1.25,680751.53,"4/11/2024, 7:46:46 PM",40965482.65
955,533555.60,798052.56,6633,2056,3.75,-264496.96,"4/11/2024, 7:47:12 PM",41646234.18
956,715768.36,1096434.84,9068,2185,3.52,-380666.48,"4/11/2024, 7:47:37 PM",41381737.22
957,768465.81,85480.93,9482,8417,1.34,682984.88,"4/11/2024, 7:47:57 PM",41001070.74
958,573805.22,1865072.44,7789,463,9.24,-1291267.22,"4/11/2024, 7:48:30 PM",41684055.62
959,837369.76,76737.97,9939,8985,1.32,760631.79,"4/11/2024, 7:48:49 PM",40392788.4
960,619062.69,2284136.65,8964,471,23.29,-1665073.96,"4/11/2024, 7:49:35 PM",41153420.19
961,829975.81,84520.04,9940,9123,1.27,745455.77,"4/11/2024, 7:49:54 PM",39488346.23
962,685494.41,29481.18,8861,8404,1.15,656013.23,"4/11/2024, 7:50:12 PM",40233802
963,577123.74,1689900.31,7668,428,11.95,-1112776.57,"4/11/2024, 7:50:49 PM",40889815.23
964,824457.29,0.00,10500,10500,1.01,824457.29,"4/11/2024, 7:51:05 PM",39777038.66
965,714837.76,392099.17,8659,5545,2.29,322738.59,"4/11/2024, 7:51:28 PM",40601495.95
966,907112.94,166404.44,9931,8713,1.35,740708.50,"4/11/2024, 7:51:47 PM",40924234.54
967,817193.12,1179304.34,9387,3059,3.37,-362111.22,"4/11/2024, 7:52:12 PM",41664943.04
968,915832.61,168226.20,10244,8697,1.44,747606.41,"4/11/2024, 7:52:32 PM",41302831.82
969,836288.62,689802.85,9666,4957,2.41,146485.77,"4/11/2024, 7:52:55 PM",42050438.23
970,825575.14,74948.73,10059,9358,1.21,750626.41,"4/11/2024, 7:53:14 PM",42196924
971,832950.56,79321.35,9251,8140,1.36,753629.21,"4/11/2024, 7:53:33 PM",42947550.41
972,801944.92,25528.05,8653,8222,1.16,776416.87,"4/11/2024, 7:53:51 PM",43701179.62
973,807530.66,13346.09,10500,10500,1.08,794184.57,"4/11/2024, 7:54:09 PM",44477596.49
974,820336.60,112271.98,7422,6308,1.53,708064.62,"4/11/2024, 7:54:29 PM",45271781.06
975,861552.16,729452.04,7838,3846,2.47,132100.12,"4/11/2024, 7:54:52 PM",45979845.68
976,776797.46,164687.59,8967,7041,1.61,612109.87,"4/11/2024, 7:55:13 PM",46111945.8
977,804484.92,237075.36,8059,6159,1.61,567409.56,"4/11/2024, 7:55:34 PM",46724055.67
978,754514.69,555896.11,7661,3768,2.34,198618.58,"4/11/2024, 7:55:57 PM",47291465.23
979,828523.48,579650.23,8367,4322,2.17,248873.25,"4/11/2024, 7:56:19 PM",47490083.81
980,728857.72,751095.00,8259,2798,2.74,-22237.28,"4/11/2024, 7:56:43 PM",47738957.06
981,743299.66,149580.50,8603,6753,1.65,593719.16,"4/11/2024, 7:57:04 PM",47716719.78
982,700546.74,142769.47,7765,5827,1.65,557777.27,"4/11/2024, 7:57:24 PM",48310438.94
983,735516.99,1629896.00,7720,735,6.55,-894379.01,"4/11/2024, 7:57:55 PM",48868216.21
984,735612.38,43889.32,9173,8752,1.16,691723.06,"4/11/2024, 7:58:13 PM",47973837.2
985,598459.27,846076.00,7582,2196,3.62,-247616.73,"4/11/2024, 7:58:39 PM",48665560.26
986,656133.89,174963.78,8753,6389,1.65,481170.11,"4/11/2024, 7:58:59 PM",48417943.53
987,694586.47,1265914.97,8490,1344,4.78,-571328.50,"4/11/2024, 7:59:27 PM",48899113.64
988,692401.95,619694.59,8721,3591,2.92,72707.36,"4/11/2024, 7:59:51 PM",48327785.14
989,667885.67,766250.35,8878,3133,2.78,-98364.68,"4/11/2024, 8:00:15 PM",48400492.5
990,706617.89,410573.11,9147,5248,2.16,296044.78,"4/11/2024, 8:01:03 PM",48999713.75
991,725144.48,372653.64,8716,4953,2.03,352490.84,"4/11/2024, 8:01:26 PM",49295758.53
992,744878.53,35473.33,8881,8375,1.21,709405.20,"4/11/2024, 8:01:44 PM",49648249.37
993,571254.88,1157916.06,7643,1412,4.63,-586661.18,"4/11/2024, 8:02:12 PM",50357654.57
994,631381.96,2214694.05,9699,121,24.59,-1583312.09,"4/11/2024, 8:02:59 PM",49770993.39
995,703048.86,56457.78,9593,8944,1.21,646591.08,"4/11/2024, 8:03:17 PM",48187681.3
996,704630.64,0.00,10500,10500,1,704630.64,"4/11/2024, 8:03:33 PM",48834272.38
997,765406.40,1380603.33,8489,1675,4.53,-615196.93,"4/11/2024, 8:04:00 PM",49538903.02
998,911690.63,111113.99,10270,9030,1.35,800576.64,"4/11/2024, 8:04:20 PM",48923706.09
999,752417.57,1525917.14,9041,1167,5.08,-773499.57,"4/11/2024, 8:04:48 PM",49724282.73
1000,759804.69,908511.44,9579,3294,3.01,-148706.75,"4/11/2024, 8:05:13 PM",48950783.16